n_0,component,beta,volume,S,Z,betaE,betaF,betaOmega,betamu,dens,n,betapV,PE_n,betaF_n
0,0,0.6666666666666666,512.0,2.830837466666666e-10,,2.830837466666666e-10,0.0,0.0,-6.238179482009679,0.0,0.0,-0.0,inf,
1,0,0.6666666666666666,512.0,7.738179482292792,0.3440499999999247,1.5000000002831129,-6.238179482009679,-0.3440499999999247,-5.894129482009754,0.001953125,1.0,0.3440499999999247,4.2466924e-10,-6.238179482009679
2,0,0.6666666666666666,512.0,14.774233418686176,0.5444999999998581,2.9859744546666667,-11.788258964019509,-1.0889999999997162,-5.349629482009896,0.00390625,2.0,1.0889999999997162,-0.010519159,-5.894129482009754
3,0,0.6666666666666666,512.0,21.395377551362806,0.6379833333332948,4.457939105333334,-16.93743844602947,-1.9139499999998844,-5.007829482009862,0.005859375,3.0,1.9139499999998844,-0.02103044733333333,-5.645812815343157
4,0,0.6666666666666666,512.0,27.719814374705898,0.6938499999999976,5.915896446666666,-21.803917928039233,-2.7753999999999905,-4.757129482009811,0.0078125,4.0,2.7753999999999905,-0.0315388325,-5.450979482009808
5,0,0.6666666666666666,512.0,33.811638243382426,0.7312099999999887,7.359940833333333,-26.451697410049093,-3.6560499999999436,-4.55912948200983,0.009765625,5.0,3.6560499999999436,-0.04201775,-5.290339482009818
6,0,0.6666666666666666,512.0,39.71211091205889,0.758016666666664,8.78993402,-30.922176892058893,-4.548099999999984,-4.395679482009818,0.01171875,6.0,4.548099999999984,-0.052516494999999996,-5.153696148676482
7,0,0.6666666666666666,512.0,45.449130307402065,0.7783678571428391,10.206073933333334,-35.24305637406873,-5.448574999999874,-4.2563544820098365,0.013671875,7.0,5.448574999999874,-0.06298415714285714,-5.034722339152675
8,0,0.6666666666666666,512.0,51.04326551607856,0.7937512500000441,11.60837966,-39.434885856078566,-6.350010000000353,-4.135609482009777,0.015625,8.0,6.350010000000353,-0.07342881375,-4.929360732009821
9,0,0.6666666666666666,512.0,56.51109719142161,0.8060449999999904,12.996821853333334,-43.51427533808828,-7.254404999999913,-4.028874482009819,0.017578125,9.0,7.254404999999913,-0.08386302444444443,-4.834919482009809
10,0,0.6666666666666666,512.0,61.8640040400982,0.8162589999999887,14.37136922,-47.4926348200982,-8.162589999999888,-3.9330044820098315,0.01953125,10.0,8.162589999999888,-0.094294617,-4.7492634820098205
11,0,0.6666666666666666,512.0,67.11243156877461,0.8245504545454788,15.732147266666667,-51.380284302107945,-9.070055000000266,-3.846384482009789,0.021484375,11.0,9.070055000000266,-0.1047071909090909,-4.670934936555268
12,0,0.6666666666666666,512.0,72.26458851745112,0.8312541666666687,17.079184733333335,-55.18540378411778,-9.975050000000024,-3.767529482009813,0.0234375,12.0,9.975050000000024,-0.11510190833333334,-4.5987836486764815
13,0,0.6666666666666666,512.0,77.32773513279423,0.8371800000000129,18.412391866666667,-58.91534326612757,-10.883340000000167,-3.6947694820098,0.025390625,13.0,10.883340000000167,-0.12549324615384616,-4.531949482009813
14,0,0.6666666666666666,512.0,82.30678428147071,0.8421242857142305,19.731841533333334,-62.57494274813738,-11.789739999999227,-3.627514482009868,0.02734375,14.0,11.789739999999227,-0.13587412142857141,-4.469638767724098
15,0,0.6666666666666666,512.0,87.20809596348064,0.846308666666594,21.037723733333333,-66.17037223014731,-12.69462999999891,-3.5650494820098935,0.029296875,15.0,12.69462999999891,-0.14622762666666667,-4.411358148676487
16,0,0.6666666666666666,512.0,92.0349716454905,0.8500006250000656,22.329929933333332,-69.70504171215717,-13.600010000001049,-3.5065644820097575,0.03125,16.0,13.600010000001049,-0.15656906875,-4.356565107009823
17,0,0.6666666666666666,512.0,96.79168626083349,0.8523573529411876,23.608185066666667,-73.18350119416682,-14.49007500000019,-3.452554482009802,0.033203125,17.0,14.49007500000019,-0.16692484705882354,-4.30491183495099
18,0,0.6666666666666666,512.0,101.48324087617678,0.8542799999999799,24.8730902,-76.61015067617677,-15.377039999999639,-3.4018394820098408,0.03515625,18.0,15.377039999999639,-0.17724248333333334,-4.2561194820098205
19,0,0.6666666666666666,512.0,106.11150842485317,0.8564621052631286,26.124328266666666,-79.9871801581865,-16.272779999999443,-3.3533894820098453,0.037109375,19.0,16.272779999999443,-0.18755303157894737,-4.209851587272974
20,0,0.6666666666666666,512.0,110.67914884019646,0.8581470000000138,27.3622192,-83.31692964019646,-17.162940000000276,-3.3076994820098093,0.0390625,20.0,17.162940000000276,-0.19783356000000002,-4.165846482009823
21,0,0.6666666666666666,512.0,115.18867645553945,0.8596578571429402,28.586097333333335,-86.60257912220612,-18.052815000001743,-3.264274482009732,0.041015625,21.0,18.052815000001743,-0.20813590476190474,-4.123932339152672
22,0,0.6666666666666666,512.0,119.6422140708826,0.8611609090909146,29.796735466666668,-89.84547860421593,-18.945540000000122,-3.2227244820098093,0.04296875,22.0,18.945540000000122,-0.2184044,-4.083885391100724
23,0,0.6666666666666666,512.0,124.04190621955908,0.8619869565217001,30.993878133333332,-93.04802808622574,-19.825699999999102,-3.183579482009854,0.044921875,23.0,19.825699999999102,-0.22866012173913042,-4.045566438531554
24,0,0.6666666666666666,512.0,128.39055790156897,0.8626904166666461,32.17792033333333,-96.21263756823564,-20.704569999999507,-3.1461694820098387,0.046875,24.0,20.704569999999507,-0.23887997916666667,-4.0088598986764845
25,0,0.6666666666666666,512.0,132.68862565024543,0.8630901999999162,33.3482586,-99.34036705024542,-21.577254999997905,-3.1105244820099003,0.048828125,25.0,21.577254999997905,-0.249104484,-3.9736146820098166
26,0,0.6666666666666666,512.0,136.9383007989221,0.8634076923076213,34.504614266666664,-102.43368653225544,-22.44859999999815,-3.0763494820098956,0.05078125,26.0,22.44859999999815,-0.2593491769230769,-3.9397571743175166
27,0,0.6666666666666666,512.0,141.1409486142652,0.8637961111111728,35.6478826,-105.49306601426521,-23.322495000001666,-3.043354482009761,0.052734375,27.0,23.322495000001666,-0.26956207777777774,-3.907150593120934
28,0,0.6666666666666666,512.0,145.29804636294162,0.8636739285714822,36.77765086666667,-108.52039549627496,-24.1828700000015,-3.0120544820097663,0.0546875,28.0,24.1828700000015,-0.2797687035714286,-3.8757284105812486
29,0,0.6666666666666666,512.0,149.4112796449514,0.8637853448275739,37.894104666666664,-111.51717497828474,-25.04977499999964,-2.981634482009831,0.056640625,29.0,25.04977499999964,-0.28996010344827583,-3.845419826837405
30,0,0.6666666666666666,512.0,153.4812225269613,0.8638576666666282,38.99755806666667,-114.48366446029462,-25.915729999998845,-2.952264482009859,0.05859375,30.0,25.915729999998845,-0.30012209666666667,-3.816122148676487
31,0,0.6666666666666666,512.0,157.50945394230445,0.8637124193548215,40.08775,-117.42170394230446,-26.775084999999464,-2.924084482009839,0.060546875,31.0,26.775084999999464,-0.3102701612903226,-3.78779690136466
32,0,0.6666666666666666,512.0,161.49585275764764,0.863450312499944,41.164019333333336,-120.3318334243143,-27.630409999998207,-2.896919482009878,0.0625,32.0,27.630409999998207,-0.32043659375,-3.760369794509822
33,0,0.6666666666666666,512.0,165.44293823965756,0.8631748484848195,42.227395333333334,-123.21554290632422,-28.484769999999045,-2.8706294820098535,0.064453125,33.0,28.484769999999045,-0.3305729393939394,-3.733804330494673
34,0,0.6666666666666666,512.0,169.35083438833402,0.8631826470588481,43.277742,-126.073092388334,-29.348210000000833,-2.844849482009799,0.06640625,34.0,29.348210000000833,-0.3406878529411765,-3.708032129068647
35,0,0.6666666666666666,512.0,173.2200005370105,0.8627924285714491,44.31475866666666,-128.90524187034381,-30.19773500000072,-2.8202144820098027,0.068359375,35.0,30.19773500000072,-0.35079605714285717,-3.683006910581252
36,0,0.6666666666666666,512.0,177.05186268568696,0.862114444444515,45.33834133333333,-131.7135213523536,-31.03612000000254,-2.796594482009752,0.0703125,36.0,31.03612000000254,-0.3609024444444444,-3.658708926454267
37,0,0.6666666666666666,512.0,180.84792016769666,0.8616132432432582,46.34948933333334,-134.49843083436332,-31.87969000000055,-2.7734794820098045,0.072265625,37.0,31.87969000000055,-0.37096664864864864,-3.6350927252530627
38,0,0.6666666666666666,512.0,184.60733031637324,0.8611734210525966,47.34685,-137.26048031637322,-32.72458999999867,-2.7509444820098565,0.07421875,38.0,32.72458999999867,-0.3810453947368421,-3.6121179030624533
39,0,0.6666666666666666,512.0,188.33164313171636,0.8606573076922447,48.33132333333333,-140.00031979838303,-33.56563499999754,-2.7290944820098844,0.076171875,39.0,33.56563499999754,-0.3911029487179487,-3.589751789702129
40,0,0.6666666666666666,512.0,192.02185061372631,0.8601422500000127,49.303181333333335,-142.718669280393,-34.405690000000504,-2.707824482009812,0.078125,40.0,34.405690000000504,-0.40113070000000006,-3.5679667320098245
41,0,0.6666666666666666,512.0,195.67735542906934,0.8594214634146887,50.26138666666667,-145.41596876240266,-35.23628000000224,-2.6873094820097663,0.080078125,41.0,35.23628000000224,-0.41116878048780486,-3.546730945424455
42,0,0.6666666666666666,512.0,199.30037024441253,0.8588461904761397,51.207082,-148.09328824441252,-36.07153999999787,-2.6671844820098727,0.08203125,42.0,36.07153999999787,-0.4211756428571429,-3.526030672486012
43,0,0.6666666666666666,512.0,202.89072505975574,0.858272325581354,52.14038733333334,-150.7503377264224,-36.90570999999822,-2.6475494820098646,0.083984375,43.0,36.90570999999822,-0.4311492790697674,-3.5058218075912184
44,0,0.6666666666666666,512.0,206.44779120843225,0.8573702272728053,53.059404,-153.38838720843225,-37.724290000003435,-2.6287294820097458,0.0859375,44.0,37.724290000003435,-0.4411566818181818,-3.486099709282551
45,0,0.6666666666666666,512.0,209.9735546904419,0.8564754444445356,53.965758,-156.0077966904419,-38.5413950000041,-2.6103644820097287,0.087890625,45.0,38.5413950000041,-0.45114139999999997,-3.466839926454264
46,0,0.6666666666666666,512.0,213.46879950578506,0.8557447826086012,54.85968333333334,-158.6091161724517,-39.36425999999565,-2.592279482009914,0.08984375,46.0,39.36425999999565,-0.46109728260869565,-3.4480242646185153
47,0,0.6666666666666666,512.0,216.93206365446173,0.8549501063828774,55.739708,-161.19235565446172,-40.182654999995236,-2.574674482009925,0.091796875,47.0,40.182654999995236,-0.4710731489361702,-3.4296245883928025
48,0,0.6666666666666666,512.0,220.3657758031382,0.8542802083333866,56.60731066666666,-163.75846513647156,-41.005450000002554,-2.557354482009771,0.09375,48.0,41.005450000002554,-0.4810215416666667,-3.4116346903431576
49,0,0.6666666666666666,512.0,223.76987661848125,0.8535622448979868,57.462812,-166.30706461848126,-41.82455000000135,-2.540459482009794,0.095703125,49.0,41.82455000000135,-0.49093432653061225,-3.394021726907781
50,0,0.6666666666666666,512.0,227.14456410049115,0.8528831999999545,58.30518,-168.83938410049115,-42.644159999997726,-2.5239044820098684,0.09765625,50.0,42.644159999997726,-0.5008446,-3.376787682009823
51,0,0.6666666666666666,512.0,230.490273582501,0.85197999999997,59.135400000000004,-171.354873582501,-43.45097999999847,-2.5079194820098536,0.099609375,51.0,43.45097999999847,-0.5107235294117647,-3.3598994820098236
52,0,0.6666666666666666,512.0,233.80779106451087,0.8513101923077516,59.952568,-173.85522306451085,-44.26813000000308,-2.492059482009765,0.1015625,52.0,44.26813000000308,-0.520599,-3.3433696743175165
53,0,0.6666666666666666,512.0,237.09641587985385,0.8506663207547719,60.757423333333335,-176.33899254652053,-45.08531500000291,-2.4764844820097665,0.103515625,53.0,45.08531500000291,-0.530450283018868,-3.3271508027645385
54,0,0.6666666666666666,512.0,240.35604736186372,0.849538333333299,61.54785533333333,-178.80819202853039,-45.875069999998146,-2.4617244820098563,0.10546875,54.0,45.875069999998146,-0.5403373518518518,-3.3112628153431554
55,0,0.6666666666666666,512.0,243.58877351054025,0.8487262727272377,62.326332,-181.26244151054024,-46.67994499999807,-2.4469544820098577,0.107421875,55.0,46.67994499999807,-0.5501909454545454,-3.2956807547370954
56,0,0.6666666666666666,512.0,246.79522032588343,0.847990178571394,63.093119333333334,-183.7021009925501,-47.48744999999806,-2.432404482009858,0.109375,56.0,47.48744999999806,-0.5600057321428571,-3.2803946605812517
57,0,0.6666666666666666,512.0,249.97258514122663,0.8471208771929585,63.84533466666667,-186.12725047455996,-48.28588999999863,-2.4182694820098476,0.111328125,57.0,48.28588999999863,-0.5698596140350877,-3.265390359202806
58,0,0.6666666666666666,512.0,253.1239479565698,0.8463067241379032,64.585308,-188.5386399565698,-49.08578999999838,-2.404359482009852,0.11328125,58.0,49.08578999999838,-0.5796903103448277,-3.250666206147755
59,0,0.6666666666666666,512.0,256.25005143857965,0.8454933898305792,65.314082,-190.93596943857966,-49.88411000000417,-2.390709482009754,0.115234375,59.0,49.88411000000417,-0.5894724915254238,-3.2362028718403333
60,0,0.6666666666666666,512.0,259.34895292058934,0.8446565000000893,66.02889400000001,-193.3200589205893,-50.679390000005355,-2.3773444820097325,0.1171875,60.0,50.679390000005355,-0.59927765,-3.222000982009822
61,0,0.6666666666666666,512.0,262.4222090692658,0.8439590983605909,66.73155066666666,-195.69065840259913,-51.48150499999605,-2.3640844820098863,0.119140625,61.0,51.48150499999605,-0.6090602295081967,-3.2080435803704774
62,0,0.6666666666666666,512.0,265.46939455127574,0.8428217741935567,67.42116666666666,-198.04822788460908,-52.25495000000052,-2.3515044820098154,0.12109375,62.0,52.25495000000052,-0.6188427419354839,-3.194326256203372
63,0,0.6666666666666666,512.0,268.49330736661875,0.841737380952355,68.09964,-200.39366736661876,-53.029454999998364,-2.3391144820098475,0.123046875,63.0,53.029454999998364,-0.62858,-3.1808518629622027
64,0,0.6666666666666666,512.0,271.4921588486288,0.8413164062499852,68.765702,-202.72645684862877,-53.84424999999905,-2.3262844820098394,0.125,64.0,53.84424999999905,-0.638303859375,-3.1676008882598246
65,0,0.6666666666666666,512.0,274.46512766397177,0.8408080000000535,69.41889133333333,-205.04623633063844,-54.65252000000348,-2.3137494820097686,0.126953125,65.0,54.65252000000348,-0.6480255846153846,-3.154557482009822
66,0,0.6666666666666666,512.0,277.41299714598165,0.8400421212120829,70.05904133333334,-207.3539558126483,-55.44277999999747,-2.301684482009861,0.12890625,66.0,55.44277999999747,-0.6577490606060605,-3.141726603221944
67,0,0.6666666666666666,512.0,280.3366486279915,0.8391191044775805,70.68704333333334,-209.64960529465816,-56.220979999997894,-2.289979482009855,0.130859375,67.0,56.220979999997894,-0.6674542537313433,-3.129098586487435
68,0,0.6666666666666666,512.0,283.23422677666804,0.8385507352941547,71.300312,-211.93391477666802,-57.02145000000252,-2.278124482009787,0.1328125,68.0,57.02145000000252,-0.677199,-3.1166752173039414
69,0,0.6666666666666666,512.0,286.10908225867774,0.8380531884058515,71.903228,-214.20585425867773,-57.825670000003754,-2.266379482009768,0.134765625,69.0,57.825670000003754,-0.686886347826087,-3.104432670415619
70,0,0.6666666666666666,512.0,288.96048774068754,0.837321571428581,72.493814,-216.46667374068755,-58.61251000000067,-2.2550594820098127,0.13671875,70.0,58.61251000000067,-0.6965611285714286,-3.0923810534383938
71,0,0.6666666666666666,512.0,291.787409889364,0.8363171830985696,73.07143666666667,-218.71597322269736,-59.378519999998446,-2.244189482009844,0.138671875,71.0,59.378519999998446,-0.7062372535211268,-3.0805066651084134
72,0,0.6666666666666666,512.0,294.59136470470725,0.8351456944443645,73.636312,-220.95505270470724,-60.13048999999424,-2.233674482009903,0.140625,72.0,60.13048999999424,-0.7159101666666667,-3.0688201764542673
73,0,0.6666666666666666,512.0,297.3708515200505,0.8346763013698512,74.18752933333334,-223.18332218671716,-60.931369999999134,-2.222629482009836,0.142578125,73.0,60.931369999999134,-0.725598712328767,-3.0573057833796873
74,0,0.6666666666666666,512.0,300.1281310020603,0.834090675675756,74.72781933333334,-225.4003116687269,-61.72271000000595,-2.211859482009743,0.14453125,74.0,61.72271000000595,-0.7352469054054054,-3.045950157685499
75,0,0.6666666666666666,512.0,302.86409115073667,0.8332860666666743,75.25705,-227.60704115073665,-62.496455000000566,-2.2014744820098144,0.146484375,75.0,62.496455000000566,-0.7448589999999999,-3.0347605486764886
76,0,0.6666666666666666,512.0,305.57667196607986,0.832662631578949,75.77341133333334,-229.80326063274654,-63.282360000000125,-2.1910644820098213,0.1484375,76.0,63.282360000000125,-0.7544721447368421,-3.0237271135887704
77,0,0.6666666666666666,512.0,308.26709744808966,0.8319368831168242,76.27792733333334,-231.9891701147563,-64.05913999999547,-2.1809094820098807,0.150390625,77.0,64.05913999999547,-0.7640663506493507,-3.012846365126705
78,0,0.6666666666666666,512.0,310.936490263433,0.8313069230768184,76.77141066666667,-234.1650795967663,-64.84193999999184,-2.170809482009929,0.15234375,78.0,64.84193999999184,-0.773626717948718,-3.0021164050867477
79,0,0.6666666666666666,512.0,313.5840404121095,0.8305544936709618,77.25325133333334,-236.33078907877615,-65.61380500000598,-2.160974482009749,0.154296875,79.0,65.61380500000598,-0.7831661139240507,-2.9915289756807106
80,0,0.6666666666666666,512.0,316.20664122745245,0.8301583750000645,77.71961266666668,-238.4870285607858,-66.41267000000516,-2.150929482009758,0.15625,80.0,66.41267000000516,-0.7927572625,-2.9810878570098227
81,0,0.6666666666666666,512.0,318.806277376129,0.8295089506172902,78.17362933333334,-240.63264804279567,-67.19022500000051,-2.1412644820098166,0.158203125,81.0,67.19022500000051,-0.8023401975308642,-2.970773432627107
82,0,0.6666666666666666,512.0,321.38696085813876,0.8285948780487254,78.61740333333334,-242.76955752480544,-67.94477999999549,-2.1320094820098774,0.16015625,82.0,67.94477999999549,-0.8118767682926828,-2.960604360058603
83,0,0.6666666666666666,512.0,323.9429670068154,0.8281477710842603,79.0463,-244.89666700681542,-68.73626499999361,-2.1224144820099013,0.162109375,83.0,68.73626499999361,-0.8214524096385541,-2.9505622530941618
84,0,0.6666666666666666,512.0,326.4799278221586,0.8274379761904646,79.46554133333333,-247.01438648882524,-69.50478999999902,-2.113209482009836,0.1640625,84.0,69.50478999999902,-0.8309724761904762,-2.9406474582003006
85,0,0.6666666666666666,512.0,328.9961759708351,0.8262453529411791,79.87309,-249.1230859708351,-70.23085500000022,-2.104614482009822,0.166015625,85.0,70.23085500000022,-0.8404748823529412,-2.930859834951001
86,0,0.6666666666666666,512.0,331.49132811951154,0.8253453488372904,80.26771266666667,-251.22361545284488,-70.97970000000697,-2.095859482009743,0.16796875,86.0,70.97970000000697,-0.8499817558139535,-2.9212048308470333
87,0,0.6666666666666666,512.0,333.9655929348546,0.8254949425287932,80.650788,-253.31480493485458,-71.818060000005,-2.0861694820097654,0.169921875,87.0,71.818060000005,-0.8594691724137932,-2.9116644245385586
88,0,0.6666666666666666,512.0,336.41819375019776,0.8251522727272044,81.02223933333335,-255.3959544168644,-72.61339999999399,-2.077074482009891,0.171875,88.0,72.61339999999399,-0.8689391022727272,-2.9022267547370957
89,0,0.6666666666666666,512.0,338.85018789887437,0.8246101123594979,81.381234,-257.46895389887436,-73.3902999999953,-2.068299482009877,0.173828125,89.0,73.3902999999953,-0.8784061685393258,-2.892909594369375
90,0,0.6666666666666666,512.0,341.2611007142175,0.8239455555556301,81.72854733333334,-259.53255338088417,-74.15510000000671,-2.0597494820097495,0.17578125,90.0,74.15510000000671,-0.8878575444444444,-2.8836950375653796
91,0,0.6666666666666666,512.0,343.65068152956053,0.8230839010989023,82.06222866666667,-261.58845286289386,-74.90063500000011,-2.0515144820098214,0.177734375,91.0,74.90063500000011,-0.8973259010989011,-2.8745983831087236
92,0,0.6666666666666666,512.0,346.0200990115705,0.8228396739129813,82.38451666666667,-263.6355823449038,-75.70124999999427,-2.0427644820098863,0.1796875,92.0,75.70124999999427,-0.9067741847826087,-2.8656041559228673
93,0,0.6666666666666666,512.0,348.3701998269136,0.8223300000000271,82.696218,-265.67398182691363,-76.47669000000252,-2.034379482009797,0.181640625,93.0,76.47669000000252,-0.9161900322580646,-2.856709482009824
94,0,0.6666666666666666,512.0,350.69732797559004,0.8216590425532091,82.99298666666667,-267.7043413089234,-77.23595000000165,-2.026259482009806,0.18359375,94.0,77.23595000000165,-0.925643829787234,-2.8479185245630148
95,0,0.6666666666666666,512.0,353.0065134575999,0.821631842105317,83.28001266666666,-269.72650079093324,-78.05502500000512,-2.0175944820097698,0.185546875,95.0,78.05502500000512,-0.9350524315789474,-2.839226324115087
96,0,0.6666666666666666,512.0,355.2932602729429,0.8216656250000097,83.55373,-271.73953027294294,-78.87990000000093,-2.0089544820098126,0.1875,96.0,78.87990000000093,-0.94447296875,-2.8306201070098225
97,0,0.6666666666666666,512.0,357.56017375495287,0.8211828350514627,83.815764,-273.74440975495287,-79.65473499999189,-2.000924482009907,0.189453125,97.0,79.65473499999189,-0.9538799381443299,-2.82210731706137
98,0,0.6666666666666666,512.0,359.80856323696275,0.8203830612244949,84.067184,-275.74137923696276,-80.3975400000005,-1.993304482009819,0.19140625,98.0,80.3975400000005,-0.9632573877551021,-2.813687543234314
99,0,0.6666666666666666,512.0,362.03602005230584,0.8195143434343409,84.30500133333334,-277.7310187189725,-81.13191999999975,-1.9858494820098258,0.193359375,99.0,81.13191999999975,-0.9726514949494949,-2.8053638254441666
100,0,0.6666666666666666,512.0,364.24606153431574,0.819681299999993,84.53298333333333,-279.7130782009824,-81.96812999999929,-1.9774494820098312,0.1953125,100.0,81.96812999999929,-0.9820052499999999,-2.797130782009824
101,0,0.6666666666666666,512.0,366.43161768299217,0.8197200000000371,84.7457,-281.68591768299217,-82.79172000000375,-1.9692494820097863,0.197265625,101.0,82.79172000000375,-0.991400495049505,-2.7889694820098234
102,0,0.6666666666666666,512.0,368.59781716500197,0.8185783333333247,84.94624,-283.651577165002,-83.49498999999912,-1.962319482009832,0.19921875,102.0,83.49498999999912,-1.000790588235294,-2.7808978153431565
103,0,0.6666666666666666,512.0,370.74497664701187,0.8181785436893022,85.13442,-285.61055664701183,-84.27238999999813,-1.9547394820098418,0.201171875,103.0,84.27238999999813,-1.010178349514563,-2.772918025699144
104,0,0.6666666666666666,512.0,372.873949462355,0.8184306730769371,85.31289333333334,-287.56105612902167,-85.11679000000146,-1.9465794820098097,0.203125,104.0,85.11679000000146,-1.0195255769230769,-2.7650101550867467
105,0,0.6666666666666666,512.0,374.9848089443648,0.8174587619047645,85.48109333333333,-289.50371561103145,-85.83317000000028,-1.9397194820098207,0.205078125,105.0,85.83317000000028,-1.0288415238095239,-2.757178243914585
106,0,0.6666666666666666,512.0,377.0758350930413,0.817344150943361,85.63534000000001,-291.4404950930413,-86.63847999999626,-1.932094482009859,0.20703125,106.0,86.63847999999626,-1.0381791509433962,-2.7494386329532197
107,0,0.6666666666666666,512.0,379.14811124171786,0.8177716355140285,85.78020666666667,-293.36790457505117,-87.50156500000105,-1.9239844820098142,0.208984375,107.0,87.50156500000105,-1.047473738317757,-2.7417561175238427
108,0,0.6666666666666666,512.0,381.19867739039427,0.817472962963003,85.91021333333333,-295.28846405706093,-88.28708000000432,-1.9166794820097834,0.2109375,108.0,88.28708000000432,-1.0568025925925926,-2.7341524449727865
109,0,0.6666666666666666,512.0,383.2303502057374,0.8171726146788622,86.02908666666667,-297.20126353907074,-89.07181499999598,-1.9094444820098602,0.212890625,109.0,89.07181499999598,-1.0661134862385322,-2.7266170966887224
110,0,0.6666666666666666,512.0,385.2450396877473,0.8170282727272422,86.13768666666667,-299.10735302108066,-89.87310999999664,-1.9021294820098547,0.21484375,110.0,89.87310999999664,-1.0753951818181817,-2.719157754737097
111,0,0.6666666666666666,512.0,387.24022916975713,0.8169019819820135,86.23470666666667,-301.00552250309045,-90.6761200000035,-1.8948594820097924,0.216796875,111.0,90.6761200000035,-1.0846661261261261,-2.711761463991806
112,0,0.6666666666666666,512.0,389.2166053184336,0.8169036607142972,86.31953333333334,-302.89707198510024,-91.49321000000128,-1.887534482009812,0.21875,112.0,91.49321000000128,-1.0939348214285716,-2.704438142724109
113,0,0.6666666666666666,512.0,391.1739448004434,0.8166038938053294,86.39335333333334,-304.78059146711007,-92.27624000000222,-1.880569482009804,0.220703125,113.0,92.27624000000222,-1.103185575221239,-2.6971733758151335
114,0,0.6666666666666666,512.0,393.1127242824532,0.8160398245614082,86.45451333333334,-306.65821094911985,-93.02854000000053,-1.8739444820098186,0.22265625,114.0,93.02854000000053,-1.1124406140350878,-2.6899843065712266
115,0,0.6666666666666666,512.0,395.0319670977964,0.815926869565218,86.50348666666667,-308.5284804311297,-93.83159000000006,-1.866929482009823,0.224609375,115.0,93.83159000000006,-1.121693652173913,-2.6828563515750408
116,0,0.6666666666666666,512.0,396.93219657980615,0.8155892241378916,86.54012666666668,-310.3920699131395,-94.60834999999543,-1.8602044820098627,0.2265625,116.0,94.60834999999543,-1.1309466379310344,-2.675793706147754
117,0,0.6666666666666666,512.0,398.8124827284828,0.8157494444444049,86.56359333333334,-312.24888939514943,-95.44268499999538,-1.8530444820098637,0.228515625,117.0,95.44268499999538,-1.1402103418803418,-2.668793926454269
118,0,0.6666666666666666,512.0,400.67341221049253,0.8158843220339458,86.57525333333334,-314.0981588771592,-96.2743500000056,-1.8459644820097765,0.23046875,118.0,96.2743500000056,-1.149467118644068,-2.6618488040437223
119,0,0.6666666666666666,512.0,402.51713169250235,0.8157903781512742,86.57631333333335,-315.940818359169,-97.07905500000163,-1.8391744820098097,0.232421875,119.0,97.07905500000163,-1.1587019327731092,-2.654964860161084
120,0,0.6666666666666666,512.0,404.34291450784553,0.8160330833332893,86.56640666666668,-317.77650784117884,-97.92396999999471,-1.8321044820098678,0.234375,120.0,97.92396999999471,-1.1679199166666665,-2.648137565343157
121,0,0.6666666666666666,512.0,406.14812065652205,0.8158893801652753,86.54309333333333,-319.6050273231887,-98.72261499999831,-1.825474482009838,0.236328125,121.0,98.72261499999831,-1.17715173553719,-2.641363862175113
122,0,0.6666666666666666,512.0,407.93567013853186,0.8160168032786854,86.50821333333333,-321.4274568051985,-99.55404999999962,-1.818634482009827,0.23828125,122.0,99.55404999999962,-1.1863744262295084,-2.6346512852885122
123,0,0.6666666666666666,512.0,409.70372295387506,0.8164366666666532,86.46142666666667,-323.2422962872084,-100.42170999999834,-1.8115494820098377,0.240234375,123.0,100.42170999999834,-1.1955923577235772,-2.627986148676491
124,0,0.6666666666666666,512.0,411.45284910255157,0.8165509677419391,86.40229333333335,-325.0505557692182,-101.25232000000045,-1.8048244820098205,0.2421875,124.0,101.25232000000045,-1.2048109677419354,-2.6213754497517594
125,0,0.6666666666666666,512.0,413.18233191789466,0.8161760800000484,86.33038666666667,-326.851945251228,-102.02201000000605,-1.7986394820097757,0.244140625,125.0,102.02201000000605,-1.21403536,-2.614815562009824
126,0,0.6666666666666666,512.0,414.9000080665711,0.8159566666666612,86.25217333333335,-328.64783473323774,-102.81053999999932,-1.7923594820098288,0.24609375,126.0,102.81053999999932,-1.2231884126984125,-2.60831614867649
127,0,0.6666666666666666,512.0,416.595077548581,0.8163040157480254,86.15841333333333,-330.4366642152477,-103.67060999999921,-1.7855594820098304,0.248046875,127.0,103.67060999999921,-1.2323809448818899,-2.6018634977578556
128,0,0.6666666666666666,512.0,418.2695270305908,0.8166960937500041,86.05057333333335,-332.2189536972574,-104.53710000000052,-1.7787644820098194,0.25,128.0,104.53710000000052,-1.24159484375,-2.5954605757598235
129,0,0.6666666666666666,512.0,419.92932651260065,0.816762790697658,85.93513333333334,-333.9941931792673,-105.36239999999788,-1.7723394820098406,0.251953125,129.0,105.36239999999788,-1.2507542635658915,-2.5891022727074984
130,0,0.6666666666666666,512.0,421.57166599461044,0.8169326923076986,85.80803333333334,-335.7636326612771,-106.20125000000081,-1.7658644820098175,0.25390625,130.0,106.20125000000081,-1.2599073076923077,-2.582797174317516
131,0,0.6666666666666666,512.0,423.19375547662025,0.8168642748091579,85.66783333333333,-337.52592214328695,-107.00921999999969,-1.7596694820098264,0.255859375,131.0,107.00921999999969,-1.269070610687023,-2.5765337568189843
132,0,0.6666666666666666,512.0,424.7946182919634,0.8170710606060905,85.51164666666668,-339.28297162529674,-107.85338000000394,-1.753254482009794,0.2578125,132.0,107.85338000000394,-1.2782767424242425,-2.570325542615884
133,0,0.6666666666666666,512.0,426.37767777397323,0.8186891353383187,85.34524666666667,-341.03243110730654,-108.88565499999638,-1.7454644820098508,0.259765625,133.0,108.88565499999638,-1.2874596240601506,-2.5641536173481696
134,0,0.6666666666666666,512.0,427.9456472559831,0.8195797014925252,85.17174666666668,-342.77390058931644,-109.82367999999838,-1.7384344820098363,0.26171875,134.0,109.82367999999838,-1.2965849253731343,-2.5580141835023613
135,0,0.6666666666666666,512.0,429.4935734046595,0.8192212592592624,84.98427333333333,-344.5093000713262,-110.59487000000041,-1.7326994820098207,0.263671875,135.0,110.59487000000041,-1.3057302962962964,-2.551920741269083
136,0,0.6666666666666666,512.0,431.0243662200028,0.8186677205882475,84.78506666666668,-346.2392995533361,-111.33881000000167,-1.7272094820098118,0.265625,136.0,111.33881000000167,-1.314870588235294,-2.5458772025980596
137,0,0.6666666666666666,512.0,432.53759236867916,0.8192766788321076,84.57387333333332,-347.96371903534583,-112.24090499999875,-1.7206044820098327,0.267578125,137.0,112.24090499999875,-1.324008686131387,-2.5398811608419405
138,0,0.6666666666666666,512.0,434.0321218506891,0.8198372463767568,84.35161333333335,-349.68050851735575,-113.13753999999244,-1.714079482009879,0.26953125,138.0,113.13753999999244,-1.3331346376811595,-2.533916728386636
139,0,0.6666666666666666,512.0,435.5078179993656,0.8201846402877568,84.11594000000001,-351.3918779993656,-114.0056649999982,-1.7078144820098373,0.271484375,139.0,114.0056649999982,-1.3422740287769783,-2.527999122297594
140,0,0.6666666666666666,512.0,436.96395081470877,0.8208157857143087,83.86781333333333,-353.0961374813754,-114.91421000000321,-1.7012994820098015,0.2734375,140.0,114.91421000000321,-1.3514162857142857,-2.5221152677241103
141,0,0.6666666666666666,512.0,438.4045169633852,0.821143404255339,83.61004000000001,-354.7944769633852,-115.7812200000028,-1.6951294820098042,0.275390625,141.0,115.7812200000028,-1.360531489361702,-2.5162728862651433
142,0,0.6666666666666666,512.0,439.82888977872835,0.8217930985915576,83.34249333333335,-356.48639644539503,-116.69462000000118,-1.6886744820098158,0.27734375,142.0,116.69462000000118,-1.3696215492957746,-2.5104675806013734
143,0,0.6666666666666666,512.0,441.23145259407147,0.8223436013986261,83.05962666666667,-358.1718259274048,-117.59513500000352,-1.6823544820097993,0.279296875,143.0,117.59513500000352,-1.378745174825175,-2.5046980834084254
144,0,0.6666666666666666,512.0,442.61833874274794,0.8231265277778097,82.76723333333334,-359.85110540941463,-118.53022000000459,-1.675839482009792,0.28125,144.0,118.53022000000459,-1.3878413194444446,-2.4989660097876016
145,0,0.6666666666666666,512.0,443.9834715580911,0.8232010689655203,82.45996666666667,-361.5235048914244,-119.36415500000044,-1.6700644820098205,0.283203125,145.0,119.36415500000044,-1.3969658620689653,-2.493265550975341
146,0,0.6666666666666666,512.0,445.3331477067676,0.8236117123287486,82.14191333333335,-363.19123437343427,-120.2473099999973,-1.6639994820098423,0.28515625,146.0,120.2473099999973,-1.4060762328767122,-2.487611194338591
147,0,0.6666666666666666,512.0,446.6655238554441,0.8248185374149711,81.81402000000003,-364.8515038554441,-121.24832500000076,-1.6571644820098186,0.287109375,147.0,121.24832500000076,-1.4151630612244896,-2.48198301942479
148,0,0.6666666666666666,512.0,447.9763100041206,0.8255094594594558,81.47074666666668,-366.5055633374539,-122.17539999999946,-1.6508794820098274,0.2890625,148.0,122.17539999999946,-1.424282972972973,-2.476388941469283
149,0,0.6666666666666666,512.0,449.27070281946374,0.8263227852348871,81.11744000000002,-368.15326281946375,-123.12209499999818,-1.644504482009836,0.291015625,149.0,123.12209499999818,-1.433381476510067,-2.470827267244723
150,0,0.6666666666666666,512.0,450.54960563480694,0.8267676666666326,80.75503333333336,-369.7945723014736,-124.01514999999489,-1.638529482009858,0.29296875,150.0,124.01514999999489,-1.4424496666666666,-2.4652971486764907
151,0,0.6666666666666666,512.0,451.8103351168168,0.8274089735099289,80.38001333333335,-371.43032178348346,-124.93875499999928,-1.632394482009829,0.294921875,151.0,124.93875499999928,-1.4515230463576159,-2.459803455519758
152,0,0.6666666666666666,512.0,453.0520479321599,0.8284334210526401,79.99268666666669,-373.05936126549324,-125.9218800000013,-1.6259044820098154,0.296875,152.0,125.9218800000013,-1.4605984868421051,-2.4543379030624557
153,0,0.6666666666666666,512.0,454.2728040808364,0.82888333333332,79.59067333333334,-374.6821307475031,-126.81914999999796,-1.6200194820098375,0.298828125,153.0,126.81914999999796,-1.4696992810457516,-2.4489028153431573
154,0,0.6666666666666666,512.0,455.47415356284625,0.8288031168831153,79.17475333333334,-376.2994002295129,-127.63567999999975,-1.6146994820098257,0.30078125,154.0,127.63567999999975,-1.4788173376623375,-2.443502598892941
155,0,0.6666666666666666,512.0,456.6608963781894,0.8296794193548283,78.74936666666667,-377.91152971152275,-128.6003099999984,-1.6084594820098346,0.302734375,155.0,128.6003099999984,-1.4879093548387097,-2.438138901364663
156,0,0.6666666666666666,512.0,457.83119252686595,0.8312924358974305,78.31487333333334,-379.5163191935326,-129.68161999999916,-1.6015044820098296,0.3046875,156.0,129.68161999999916,-1.4969723717948717,-2.43279691790726
157,0,0.6666666666666666,512.0,458.9814053422091,0.8320716560509662,77.86686666666668,-381.1145386755424,-130.6352500000017,-1.5954094820098135,0.306640625,157.0,130.6352500000017,-1.5060490445859873,-2.4274811380607795
158,0,0.6666666666666666,512.0,460.1152781575522,0.8330025949367169,77.40814,-382.7071381575522,-131.61441000000127,-1.589194482009816,0.30859375,158.0,131.61441000000127,-1.5151125949367088,-2.422197076946533
159,0,0.6666666666666666,512.0,461.2324743062287,0.8341321698113392,76.93954666666667,-384.29292763956204,-132.62701500000293,-1.5828044820098057,0.310546875,159.0,132.62701500000293,-1.5241552201257862,-2.416936651821145
160,0,0.6666666666666666,512.0,462.3276271215718,0.834960187500009,76.45488,-385.8727471215718,-133.59363000000144,-1.5767444820098149,0.3125,160.0,133.59363000000144,-1.5332355,-2.411704669509824
161,0,0.6666666666666666,512.0,463.404329936915,0.835989999999956,75.95791333333335,-387.44641660358167,-134.59438999999293,-1.570509482009868,0.314453125,161.0,134.59438999999293,-1.5423175776397515,-2.406499482009824
162,0,0.6666666666666666,512.0,464.4645794189249,0.8376700617283973,75.45081333333334,-389.01376608559156,-135.70255000000037,-1.5636494820098221,0.31640625,162.0,135.70255000000037,-1.5513813580246913,-2.4013195437382193
163,0,0.6666666666666666,512.0,465.50787556760133,0.8391082822086394,74.93416000000002,-390.5737155676013,-136.77465000000822,-1.5570494820097736,0.318359375,163.0,136.77465000000822,-1.5604218404907975,-2.396157764218413
164,0,0.6666666666666666,512.0,466.5372450496111,0.839999085365841,74.40938000000003,-392.1278650496111,-137.75984999999793,-1.5510244820098364,0.3203125,164.0,137.75984999999793,-1.5694264024390243,-2.3910235673756777
165,0,0.6666666666666666,512.0,467.55031119828766,0.840744242424227,73.87454666666667,-393.675764531621,-138.72279999999745,-1.5451694820098396,0.322265625,165.0,138.72279999999745,-1.578413212121212,-2.3859137244340665
166,0,0.6666666666666666,512.0,468.53847068029745,0.841988072289145,73.32026666666667,-395.2182040136308,-139.77001999999806,-1.5388444820098357,0.32421875,166.0,139.77001999999806,-1.5874674698795181,-2.3808325542989808
167,0,0.6666666666666666,512.0,469.5040601623073,0.8437347005987641,72.75060666666667,-396.75345349564066,-140.9036949999936,-1.5320344820098626,0.326171875,167.0,140.9036949999936,-1.5965514371257485,-2.3757691826086265
168,0,0.6666666666666666,512.0,470.4522863109838,0.8448533333333178,72.17001333333334,-398.2822729776505,-141.9353599999974,-1.52587448200984,0.328125,168.0,141.9353599999974,-1.605624880952381,-2.370727815343158
169,0,0.6666666666666666,512.0,471.38432912632703,0.8458667751479232,71.5791266666667,-399.80520245966034,-142.95148499999902,-1.5198444820098302,0.330078125,169.0,142.95148499999902,-1.6146823076923076,-2.3657112571577534
170,0,0.6666666666666666,512.0,472.2988486083368,0.8467529411765122,70.97688666666667,-401.32196194167017,-143.94800000000708,-1.5139644820097828,0.33203125,170.0,143.94800000000708,-1.6237333529411766,-2.360717423186295
171,0,0.6666666666666666,512.0,473.19535142367994,0.8487748245614181,70.36222000000004,-402.8331314236799,-145.1404950000025,-1.5069744820098094,0.333984375,171.0,145.1404950000025,-1.632787543859649,-2.3557493065712274
172,0,0.6666666666666666,512.0,474.0716309056898,0.8504156976743968,69.73572000000001,-404.3359109056898,-146.27149999999625,-1.5003744820098461,0.3359375,172.0,146.27149999999625,-1.6418396511627906,-2.350790179684243
173,0,0.6666666666666666,512.0,474.9300403876996,0.8513110982659465,69.09616000000003,-405.8338803876996,-147.27682000000874,-1.4945494820097736,0.337890625,173.0,147.27682000000874,-1.650900346820809,-2.34586058027572
174,0,0.6666666666666666,512.0,475.77314320304265,0.8531438505747011,68.44813333333332,-407.32500986970933,-148.447029999998,-1.4878044820098353,0.33984375,174.0,148.447029999998,-1.6599298850574713,-2.3409483325845364
175,0,0.6666666666666666,512.0,476.59645601838594,0.8536447428570965,67.78696666666667,-408.80948935171926,-149.38782999999188,-1.4824094820098708,0.341796875,175.0,149.38782999999188,-1.6689688571428571,-2.336054224866967
176,0,0.6666666666666666,512.0,477.4024288337291,0.8548527272727601,67.11260000000001,-410.2898288337291,-150.45408000000577,-1.4763394820097915,0.34375,176.0,150.45408000000577,-1.6780176136363636,-2.3311922092825514
177,0,0.6666666666666666,512.0,478.1880616490722,0.8568154519773942,66.42589333333336,-411.76216831573885,-151.65633499999876,-1.469524482009831,0.345703125,177.0,151.65633499999876,-1.6870687005649716,-2.3263399339872253
178,0,0.6666666666666666,512.0,478.9465244644154,0.8583960674157404,65.71764666666667,-413.22887779774874,-152.7945000000018,-1.4631144820098143,0.34765625,178.0,152.7945000000018,-1.6961996067415732,-2.321510549425555
179,0,0.6666666666666666,512.0,479.69679727975847,0.860510474860356,65.00840000000002,-414.6883972797585,-154.03137500000372,-1.456184482009803,0.349609375,179.0,154.03137500000372,-1.7052368715083799,-2.316694956870159
180,0,0.6666666666666666,512.0,480.4255667617684,0.8625363333332896,64.28432000000004,-416.14124676176834,-155.25653999999213,-1.4493594820098679,0.3515625,180.0,155.25653999999213,-1.7142973333333331,-2.3118958153431572
181,0,0.6666666666666666,512.0,481.1369162437782,0.8639516574585553,63.549800000000005,-417.5871162437782,-156.37524999999852,-1.4431594820098326,0.353515625,181.0,156.37524999999852,-1.7233441988950275,-2.307111139468388
182,0,0.6666666666666666,512.0,481.82931905912136,0.8651497802198163,62.80175333333335,-419.027565725788,-157.45726000000656,-1.4371994820097882,0.35546875,182.0,157.45726000000656,-1.7324031318681319,-2.3023492622296042
183,0,0.6666666666666666,512.0,482.5040885411311,0.8669194262295231,62.04257333333334,-420.4615152077978,-158.64625500000272,-1.4306844820098092,0.357421875,183.0,158.64625500000272,-1.7414543169398908,-2.2976039082393322
184,0,0.6666666666666666,512.0,483.1560213564743,0.8692851630434572,61.26708666666667,-421.8889346898076,-159.94846999999612,-1.4235894820098451,0.359375,184.0,159.94846999999612,-1.7505400543478262,-2.292874645053302
185,0,0.6666666666666666,512.0,483.79696083848415,0.8707956216215889,60.488266666666675,-423.3086941718175,-161.09718999999393,-1.4173594820098572,0.361328125,185.0,161.09718999999393,-1.7595545945945947,-2.288155103631446
186,0,0.6666666666666666,512.0,484.412680320494,0.872121021505407,59.68902666666668,-424.72365365382734,-162.2145100000057,-1.4113394820097938,0.36328125,186.0,162.2145100000057,-1.76863688172043,-2.283460503515201
187,0,0.6666666666666666,512.0,485.0129331358371,0.8748229144385321,58.88156000000001,-426.13137313583707,-163.5918850000055,-1.4039544820097944,0.365234375,187.0,163.5918850000055,-1.7776880213903743,-2.2787773964483264
188,0,0.6666666666666666,512.0,485.59156261784693,0.8771545744680503,58.06,-427.53156261784693,-164.90505999999345,-1.396949482009859,0.3671875,188.0,164.90505999999345,-1.7867553191489363,-2.2741040564779094
189,0,0.6666666666666666,512.0,486.15397876652344,0.8792164021163973,57.22870666666665,-428.9252720998568,-166.17189999999908,-1.390229482009829,0.369140625,189.0,166.17189999999908,-1.7958039153439154,-2.269445884126226
190,0,0.6666666666666666,512.0,486.69174824853326,0.881285631578928,56.37972666666667,-430.3120215818666,-167.44426999999632,-1.3835144820098435,0.37109375,190.0,167.44426999999632,-1.804896894736842,-2.2648001135887714
191,0,0.6666666666666666,512.0,487.2161610638765,0.8827566335078897,55.52386000000001,-431.69230106387647,-168.60651700000693,-1.3774124820097882,0.373046875,191.0,168.60651700000693,-1.8139487434554973,-2.260169115517678
192,0,0.6666666666666666,512.0,487.7216132125528,0.884548510416676,54.65476666666666,-433.06684654588616,-169.8333140000018,-1.3710079820098144,0.375,192.0,169.8333140000018,-1.8230096354166667,-2.2555564924264906
193,0,0.6666666666666666,512.0,488.2021836945628,0.8873185284973958,53.76786666666666,-434.4343170278961,-171.2524759999974,-1.363636482009838,0.376953125,193.0,171.2524759999974,-1.8321150259067358,-2.2509550105072336
194,0,0.6666666666666666,512.0,488.6676128432392,0.8903849587628597,52.87349333333336,-435.79411950990584,-172.7346819999948,-1.3559764820098508,0.37890625,194.0,172.7346819999948,-1.841184329896907,-2.2463614407727106
195,0,0.6666666666666666,512.0,489.1103566585825,0.8925727615384438,51.964086666666674,-437.1462699919158,-174.05168849999654,-1.3492029820098423,0.380859375,195.0,174.05168849999654,-1.8502762564102564,-2.241775743548286
196,0,0.6666666666666666,512.0,489.53305880725884,0.8943817806123241,51.040533333333315,-438.4925254739255,-175.29882900001553,-1.3428249820097449,0.3828125,196.0,175.29882900001553,-1.8593836734693878,-2.237206762622069
197,0,0.6666666666666666,512.0,489.94171328926865,0.8961738578679844,50.10979333333336,-439.8319199559353,-176.54624999999294,-1.3364754820098597,0.384765625,197.0,176.54624999999294,-1.868453350253807,-2.232649339877844
198,0,0.6666666666666666,512.0,490.32959643794527,0.8984634848484847,49.16412,-441.16547643794524,-177.89576999999997,-1.3296449820098246,0.38671875,198.0,177.89576999999997,-1.8775445454545456,-2.228108466858309
199,0,0.6666666666666666,512.0,490.7019832532883,0.9010699371859189,48.21077333333335,-442.49120991995494,-179.31291749999787,-1.3225039820098345,0.388671875,199.0,179.31291749999787,-1.8866022110552763,-2.2235739191957533
200,0,0.6666666666666666,512.0,491.0547110686316,0.9034664399999747,47.24422666666666,-443.8104844019649,-180.69328799999494,-1.3155859820098499,0.390625,200.0,180.69328799999494,-1.8956683,-2.2190524220098244
201,0,0.6666666666666666,512.0,491.38604188397466,0.905909231343317,46.263660000000016,-445.12238188397464,-182.08775550000672,-1.3086299820097906,0.392578125,201.0,182.08775550000672,-1.9047488059701492,-2.214539213353108
202,0,0.6666666666666666,512.0,491.6956310326512,0.9083898564356152,45.2678866666667,-446.4277443659845,-183.49475099999427,-1.3016484820098526,0.39453125,202.0,183.49475099999427,-1.9138523267326732,-2.2100383384454676
203,0,0.6666666666666666,512.0,491.989565514661,0.9111217339901249,44.26388666666668,-447.72567884799435,-184.95771199999535,-1.2944234820098472,0.396484375,203.0,184.95771199999535,-1.922926945812808,-2.205545215999972
204,0,0.6666666666666666,512.0,492.2671913300042,0.9138037401960976,43.25060000000002,-449.0165913300042,-186.4159630000039,-1.2872579820098053,0.3984375,204.0,186.4159630000039,-1.9319808823529412,-2.201061722205903
205,0,0.6666666666666666,512.0,492.52532147868067,0.9164993341463314,42.22512666666671,-450.30019481201396,-187.88236349999795,-1.2800869820098342,0.400390625,205.0,187.88236349999795,-1.9410356585365853,-2.1965863161561656
206,0,0.6666666666666666,512.0,492.76139196069056,0.9195627378639868,41.1846266666667,-451.57676529402386,-189.42992399998127,-1.2725574820099155,0.40234375,206.0,189.42992399998127,-1.9501119417475727,-2.1921202198739023
207,0,0.6666666666666666,512.0,492.97636977603383,0.921736019323655,40.13106000000005,-452.8453097760338,-190.79935599999658,-1.2659224820098416,0.404296875,207.0,190.79935599999658,-1.9591952173913043,-2.1876585013334964
208,0,0.6666666666666666,512.0,493.1724435913769,0.9239699903846207,39.06383333333338,-454.10861025804354,-192.1857580000011,-1.2592444820098194,0.40625,208.0,192.1857580000011,-1.9682896634615383,-2.18321447239444
209,0,0.6666666666666666,512.0,493.34867207338675,0.9276501746412857,37.984873333333326,-455.3637987400534,-193.87888650002873,-1.2511239820096876,0.408203125,209.0,193.87888650002873,-1.9773812918660287,-2.1787741566509733
210,0,0.6666666666666666,512.0,493.50417822206293,0.9301594380953447,36.89332000000002,-456.6108582220629,-195.3334820000224,-1.2441779820097167,0.41015625,210.0,195.3334820000224,-1.9864762857142857,-2.1743374201050614
211,0,0.6666666666666666,512.0,493.64018803740623,0.9332478596278958,35.788033333333374,-457.85215470407286,-196.91529838148602,-1.2366675655098902,0.412109375,211.0,196.91529838148602,-1.9955827014218008,-2.169915425137786
212,0,0.6666666666666666,512.0,493.7573400197494,0.9369637460707698,34.673146666666696,-459.0841933530827,-198.6363141670032,-1.228527732009809,0.4140625,212.0,198.6363141670032,-2.0046711320754715,-2.165491478080579
213,0,0.6666666666666666,512.0,493.8529848347591,0.9398205805657549,33.54377466666665,-460.3092101680925,-200.1817836605058,-1.2212555235097966,0.416015625,213.0,200.1817836605058,-2.0137762347417842,-2.1610761040755517
214,0,0.6666666666666666,512.0,493.9281964001023,0.9427584859812617,32.40149200000002,-461.5267044001023,-201.75031599999,-1.2139083570098705,0.41796875,214.0,201.75031599999,-2.022886738317757,-2.156666842991132
215,0,0.6666666666666666,512.0,493.98413088211225,0.9459124328023015,31.247104000000036,-462.7370268821122,-203.37117305249484,-1.2063528085098483,0.419921875,215.0,203.37117305249484,-2.031996948837209,-2.1522652413121497
216,0,0.6666666666666666,512.0,494.0176753504553,0.9492063304583304,30.07826533333332,-463.939410017122,-205.02856737899936,-1.198661308509827,0.421875,216.0,205.02856737899936,-2.0411231574074074,-2.1478676389681572
217,0,0.6666666666666666,512.0,494.0335348324652,0.9525567829630974,28.89918533333332,-465.1343494991319,-206.70482190299214,-1.1909194820098605,0.423828125,217.0,206.70482190299214,-2.0502360460829494,-2.143476264972958
218,0,0.6666666666666666,512.0,494.01954098114174,0.9559188160688721,27.698292000000038,-466.3212489811417,-208.39030190301412,-1.1831694820097596,0.42578125,218.0,208.39030190301412,-2.0594154220183487,-2.1390882980786317
219,0,0.6666666666666666,512.0,493.9932204631514,0.9590418580045541,26.492531999999983,-467.5006884631514,-210.03016690299734,-1.1756644820098359,0.427734375,219.0,210.03016690299734,-2.068544301369863,-2.13470634001439
220,0,0.6666666666666666,512.0,493.9538032784947,0.962765417740797,25.28122533333334,-468.6725779451614,-211.80839190297536,-1.1675644820099365,0.4296875,220.0,211.80839190297536,-2.077628009090909,-2.1303298997507336
221,0,0.6666666666666666,512.0,493.8867027605046,0.9666194430000279,24.050885333333326,-469.83581742717126,-213.62289690300616,-1.1593344820097968,0.431640625,221.0,213.62289690300616,-2.0867586968325793,-2.1259539250098247
222,0,0.6666666666666666,512.0,493.7977322425143,0.969947711274802,22.80648533333334,-470.991246909181,-215.32839190300604,-1.151634482009797,0.43359375,222.0,215.32839190300604,-2.095902126126126,-2.121582193284599
223,0,0.6666666666666666,512.0,493.6912383911909,0.9732661520313416,21.552152000000035,-472.13908639119086,-217.03835190298918,-1.143949482009873,0.435546875,223.0,217.03835190298918,-2.1050303677130042,-2.1172156340412145
224,0,0.6666666666666666,512.0,493.5694445398674,0.9766438477813278,20.290298666666672,-473.2791458732007,-218.76822190301743,-1.1362094820097468,0.4375,224.0,218.76822190301743,-2.114127464285714,-2.1128533297910748
225,0,0.6666666666666666,512.0,493.42210402187703,0.9803310973466682,19.01059866666668,-474.41150535521035,-220.57449690300035,-1.1281644820098222,0.439453125,225.0,220.57449690300035,-2.1232626755555555,-2.1084955793564903
226,0,0.6666666666666666,512.0,493.25000017055373,0.9844397871814193,17.71452533333337,-475.53547483722036,-222.48339190300078,-1.1196994820098212,0.44140625,226.0,222.48339190300078,-2.132425716814159,-2.1041392691912404
227,0,0.6666666666666666,512.0,493.0541029858967,0.988734237458198,16.403198666666697,-476.65090431923,-224.44267190301093,-1.1110494820097756,0.443359375,227.0,224.44267190301093,-2.1416088193832596,-2.0997837194679736
228,0,0.6666666666666666,512.0,492.8456058012399,0.992798473258651,15.088031999999998,-477.7575738012399,-226.35805190297242,-1.1026294820099451,0.4453125,228.0,226.35805190297242,-2.1507366315789476,-2.095427955268596
229,0,0.6666666666666666,512.0,492.61258861658325,0.9964054668253464,13.756425333333368,-478.8561632832499,-228.17685190300432,-1.094669482009806,0.447265625,229.0,228.17685190300432,-2.1598924104803494,-2.0910749488351525
230,0,0.6666666666666666,512.0,492.3547447652595,1.0001012256652737,12.407831999999985,-479.9469127652595,-230.02328190301296,-1.0866244820097677,0.44921875,230.0,230.02328190301296,-2.169079356521739,-2.0867257076750416
231,0,0.6666666666666666,512.0,492.09106424726946,1.004408925986932,11.061652000000038,-481.0294122472694,-232.0184619029813,-1.0779694820099053,0.451171875,231.0,232.0184619029813,-2.178171090909091,-2.0823784079968375
232,0,0.6666666666666666,512.0,491.7959837292793,1.0087750513060059,9.693131999999991,-482.10285172927934,-234.03581190299337,-1.0692544820098533,0.453125,232.0,234.03581190299337,-2.1873288879310344,-2.0780295333158594
233,0,0.6666666666666666,512.0,491.47722654462245,1.0127075832747765,8.309305333333327,-483.1679212112891,-235.96086690302292,-1.0609744820097262,0.455078125,233.0,235.96086690302292,-2.1965066180257513,-2.0736820652845025
234,0,0.6666666666666666,512.0,491.14476602663217,1.0175422730897423,6.91996533333338,-484.2248006932988,-238.10489190299973,-1.051794482009825,0.45703125,234.0,238.10489190299973,-2.2056412478632477,-2.0693367550995676
235,0,0.6666666666666666,512.0,490.78868884197544,1.022355667672279,5.517178666666666,-485.2715101753088,-240.25358190298556,-1.042629482009886,0.458984375,235.0,240.25358190298556,-2.214783965957447,-2.064985149682165
236,0,0.6666666666666666,512.0,490.41196499065194,1.0260863639958215,4.101905333333377,-486.31005965731856,-242.15638190301388,-1.0345494820097656,0.4609375,236.0,242.15638190301388,-2.22392856779661,-2.060635846005587
237,0,0.6666666666666666,512.0,490.0080211393283,1.0302250080296018,2.667412000000013,-487.3406091393283,-244.16332690301562,-1.0260644820097582,0.462890625,237.0,244.16332690301562,-2.23311764556962,-2.05628949003936
238,0,0.6666666666666666,512.0,489.59495395467144,1.0349224869873617,1.2327653333333615,-488.3621886213381,-246.31155190299205,-1.0170194820098573,0.46484375,238.0,246.31155190299205,-2.242230470588235,-2.0519419689972187
239,0,0.6666666666666666,512.0,489.15744677001476,1.039678187878605,-0.2172013333332643,-489.374648103348,-248.4830869029866,-1.0079144820098804,0.466796875,239.0,248.4830869029866,-2.2513631882845186,-2.0475926698884854
240,0,0.6666666666666666,512.0,488.6954295853579,1.0449922579291515,-1.682587999999953,-490.37801758535784,-250.79814190299635,-0.9982494820098395,0.46875,240.0,250.79814190299635,-2.260516175,-2.043241739938991
241,0,0.6666666666666666,512.0,488.2055390673677,1.0498449456555257,-3.16560800000002,-491.3711470673677,-253.0126319029817,-0.9890394820099004,0.470703125,241.0,253.0126319029817,-2.2697029543568465,-2.038884427665426
242,0,0.6666666666666666,512.0,487.69652188271095,1.0537498425743685,-4.6595746666666855,-492.35609654937764,-255.0074619029972,-0.9807794820098366,0.47265625,242.0,255.0074619029972,-2.278881661157025,-2.0345293245842053
243,0,0.6666666666666666,512.0,487.16607803138737,1.0588162629753877,-6.166628000000003,-493.3327060313874,-257.2923519030192,-0.9713594820097455,0.474609375,243.0,257.2923519030192,-2.288065604938272,-2.0301757449851334
244,0,0.6666666666666666,512.0,486.6119275133971,1.0638553356680256,-7.68688800000001,-494.29881551339713,-259.58070190299827,-0.9619594820098314,0.4765625,244.0,259.58070190299827,-2.2972554590163936,-2.025814817677857
245,0,0.6666666666666666,512.0,486.0383636620737,1.0690821302163327,-9.218261333333317,-495.25662499540704,-261.9251219030015,-0.9523734820098184,0.478515625,245.0,261.9251219030015,-2.3064383346938775,-2.021455612226151
246,0,0.6666666666666666,512.0,485.44723447741677,1.0742911703374398,-10.756327999999996,-496.20356247741677,-264.2756279030102,-0.9427964820097827,0.48046875,246.0,264.2756279030102,-2.3155873658536588,-2.0170876523472225
247,0,0.6666666666666666,512.0,484.82684995942657,1.0793580481903264,-12.315368000000035,-497.1422179594266,-266.6014379030106,-0.9333634820097814,0.482421875,247.0,266.6014379030106,-2.3247896842105265,-2.012721530200108
248,0,0.6666666666666666,512.0,484.185328108103,1.084839959286234,-13.884961333333308,-498.07028944143633,-269.040309902986,-0.9235079820098804,0.484375,248.0,269.040309902986,-2.333981620967742,-2.008347941296114
249,0,0.6666666666666666,512.0,483.52043925677975,1.0898908449918745,-15.46879466666661,-498.98923392344636,-271.38282040297673,-0.9140819820099182,0.486328125,249.0,271.38282040297673,-2.3431855100401604,-2.0039728270017925
250,0,0.6666666666666666,512.0,482.84301207212286,1.0955863316119936,-17.055441333333306,-499.89845340545617,-273.8965829029984,-0.9040074820098312,0.48828125,250.0,273.8965829029984,-2.352332648,-1.9995938136218248
251,0,0.6666666666666666,512.0,482.13452755413266,1.1005796808885207,-18.662721333333366,-500.797248887466,-276.2454999030187,-0.8946284820097503,0.490234375,251.0,276.2454999030187,-2.361530207171315,-1.995208162898271
252,0,0.6666666666666666,512.0,481.4030023694757,1.1054477654881159,-20.284707999999966,-501.68771036947567,-278.57283690300517,-0.8853764820098036,0.4921875,252.0,278.57283690300517,-2.3707423095238096,-1.9908242474979194
253,0,0.6666666666666666,512.0,480.65000051815235,1.1112703079169275,-21.91800133333328,-502.56800185148563,-281.15138790298266,-0.8751644820098932,0.494140625,253.0,281.15138790298266,-2.3799486245059285,-1.9864347899268207
254,0,0.6666666666666666,512.0,479.8813046668288,1.1173615429251984,-23.55673466666667,-503.43803933349545,-283.8098319030004,-0.8646779820098232,0.49609375,254.0,283.8098319030004,-2.3891145748031497,-1.9820395249350216
255,0,0.6666666666666666,512.0,479.08256314883863,1.1235207153059337,-25.21479466666665,-504.2973578155053,-286.4977824030131,-0.8541159820097732,0.498046875,255.0,286.4977824030131,-2.398322321568627,-1.977636697315707
256,0,0.6666666666666666,512.0,478.2556166308484,1.1294046402461348,-26.89065466666659,-505.146271297515,-289.1275879030105,-0.8438229820097831,0.5,256.0,289.1275879030105,-2.4075624296875,-1.973227622255918
257,0,0.6666666666666666,512.0,477.4053891128582,1.1354422622684535,-28.579614666666657,-505.98500377952485,-291.8086614029925,-0.8333709820098534,0.501953125,257.0,291.8086614029925,-2.4168070894941636,-1.9688132442783068
258,0,0.6666666666666666,512.0,476.5454919282014,1.1412725422596979,-30.26752133333332,-506.8130132615347,-294.448315903002,-0.8231189820098166,0.50390625,258.0,294.448315903002,-2.4259739612403104,-1.9643915242695145
259,0,0.6666666666666666,512.0,475.66274041021114,1.147505202328228,-31.968501333333336,-507.6312417435445,-297.203847403011,-0.8124609820097817,0.505859375,259.0,297.203847403011,-2.4351457606177607,-1.9599661843380096
260,0,0.6666666666666666,512.0,474.7510072255543,1.1543585380884238,-33.686927999999966,-508.43793522555427,-300.13321990299016,-0.801171982009862,0.5078125,260.0,300.13321990299016,-2.4443476615384614,-1.9555305200982858
261,0,0.6666666666666666,512.0,473.82266437423084,1.1610030532681899,-35.41092133333336,-509.2335857075642,-303.02179690299755,-0.7900834820098339,0.509765625,261.0,303.02179690299755,-2.453511042145594,-1.9510865352780238
262,0,0.6666666666666666,512.0,472.8577875229073,1.1666674958130039,-37.160314666666636,-510.01810218957394,-305.66688390300703,-0.7799664820097973,0.51171875,262.0,305.66688390300703,-2.4627498931297707,-1.9466339778228012
263,0,0.6666666666666666,512.0,471.8808373382505,1.1721111973497467,-38.912681333333296,-510.7935186715838,-308.2652449029834,-0.7700694820098875,0.513671875,263.0,308.2652449029834,-2.47193544486692,-1.9421806793596341
264,0,0.6666666666666666,512.0,470.8736198202604,1.1788686284204353,-40.684621333333325,-511.5582411535937,-311.2213179029949,-0.758851982009844,0.515625,264.0,311.2213179029949,-2.481162621212121,-1.9377206104302793
265,0,0.6666666666666666,512.0,469.8553546356035,1.185888914728431,-42.45586800000001,-512.3112226356035,-314.2605624030342,-0.7473609820096954,0.517578125,265.0,314.2605624030342,-2.490316233962264,-1.9332498967381264
266,0,0.6666666666666666,512.0,468.7984217842798,1.192926056026358,-44.25454133333329,-513.0529631176131,-317.3183309030112,-0.7358444820097816,0.51953125,266.0,317.3183309030112,-2.499555684210526,-1.9287705380361395
267,0,0.6666666666666666,512.0,467.7314902662897,1.1999375857789636,-46.05142133333334,-513.782911599623,-320.3833354029833,-0.7243429820098868,0.521484375,267.0,320.3833354029833,-2.508715850187266,-1.9242805677888504
268,0,0.6666666666666666,512.0,466.6457277482996,1.207116790682792,-47.8559213333333,-514.5016490816329,-323.5072999029883,-0.7126654820098679,0.5234375,268.0,323.5072999029883,-2.517850305970149,-1.9197822726926599
269,0,0.6666666666666666,512.0,465.5212078969762,1.2147107951784173,-49.68703466666659,-515.2082425636428,-326.75720390299426,-0.7005614820098458,0.525390625,269.0,326.75720390299426,-2.5270652490706316,-1.915272277188263
270,0,0.6666666666666666,512.0,464.36915071231925,1.2215948585666159,-51.533621333333315,-515.9027720456526,-329.83061181298626,-0.6891561490098752,0.52734375,270.0,329.83061181298626,-2.536297896296296,-1.910751007576491
271,0,0.6666666666666666,512.0,463.2057655283292,1.2282881256642795,-53.380789333333325,-516.5865548616625,-332.8660820550197,-0.6779353240097521,0.529296875,271.0,332.8660820550197,-2.545465623616236,-1.9062234496740316
272,0,0.6666666666666666,512.0,462.0118053603387,1.2357713628639857,-55.24683733333336,-517.2586426936721,-336.1298106990041,-0.6659148235098087,0.53125,272.0,336.1298106990041,-2.5546700588235294,-1.9016861863737944
273,0,0.6666666666666666,512.0,460.78686717534885,1.2431573065823458,-57.131517333333306,-517.9183845086822,-339.3819446969804,-0.6539796330098966,0.533203125,273.0,339.3819446969804,-2.5639094358974357,-1.8971369395922424
274,0,0.6666666666666666,512.0,459.5452059596919,1.2507103727591145,-59.02139599999998,-518.5666019596919,-342.69464213599736,-0.641868466509834,0.53515625,274.0,342.69464213599736,-2.5731098321167885,-1.8925788392689484
275,0,0.6666666666666666,512.0,458.28689210836853,1.2585582323237001,-60.915229333333286,-519.2021214417018,-346.1035138890175,-0.6294494820097611,0.537109375,275.0,346.1035138890175,-2.582264887272727,-1.8880077143334613
276,0,0.6666666666666666,512.0,457.00161825704475,1.2659712459747134,-62.823882666666634,-519.8255009237114,-349.4080638890209,-0.6174544820097481,0.5390625,276.0,349.4080638890209,-2.591434144927536,-1.8834257279844615
277,0,0.6666666666666666,512.0,455.687201072388,1.2738245627761495,-64.74982933333331,-520.4370304057213,-352.84940388899344,-0.6050094820098479,0.541015625,277.0,352.84940388899344,-2.600630844765343,-1.8788340447859975
278,0,0.6666666666666666,512.0,454.3479838877311,1.2818540067949857,-66.68753599999997,-521.0355198877311,-356.35541388900606,-0.5923744820098023,0.54296875,278.0,356.35541388900606,-2.609824834532374,-1.874228488804788
279,0,0.6666666666666666,512.0,452.9770300364076,1.2901311304264498,-68.64474933333332,-521.6217793697409,-359.9465853889795,-0.5794809820098976,0.544921875,279.0,359.9465853889795,-2.6190577921146954,-1.8696121124363474
280,0,0.6666666666666666,512.0,451.5997858517509,1.2986638103178003,-70.594696,-522.1944818517509,-363.6258668889841,-0.5663164820098814,0.546875,280.0,363.6258668889841,-2.6281858714285717,-1.8649802923276817
281,0,0.6666666666666666,512.0,450.1774430004274,1.3067730049430344,-72.5769693333333,-522.7544123337607,-367.20321438899265,-0.5535629820098507,0.548828125,281.0,367.20321438899265,-2.6374215444839857,-1.860335986952885
282,0,0.6666666666666666,512.0,448.7427518157706,1.3143059783298519,-74.55885599999999,-523.3016078157706,-370.6342858890182,-0.5413734820097602,0.55078125,282.0,370.6342858890182,-2.6465896595744685,-1.855679460339612
283,0,0.6666666666666666,512.0,447.2815699644469,1.3227017151554785,-76.55558933333333,-523.8371592977802,-374.32458538900045,-0.5283129820098225,0.552734375,283.0,374.32458538900045,-2.655771674911661,-1.851014697165301
284,0,0.6666666666666666,512.0,445.79859111312356,1.3315578270738693,-78.55964266666666,-524.3582337797902,-378.1624228889789,-0.5147739820098991,0.5546875,284.0,378.1624228889789,-2.664927690140845,-1.8463318090837684
285,0,0.6666666666666666,512.0,444.29480459513337,1.3399325873298937,-80.57190266666663,-524.8667072618,-381.8807873890197,-0.5017049820097554,0.556640625,285.0,381.8807873890197,-2.674062645614035,-1.8416375693396492
286,0,0.6666666666666666,512.0,442.7570077438097,1.3490803422692172,-82.60463600000003,-525.3616437438097,-385.8369778889961,-0.4878484820098379,0.55859375,286.0,385.8369778889961,-2.683241097902098,-1.8369288242790551
287,0,0.6666666666666666,512.0,441.195261559153,1.3586380170348076,-84.6471426666667,-525.8424042258197,-389.9291108889898,-0.47356548200986026,0.560546875,287.0,389.9291108889898,-2.6924066689895474,-1.8322034990446678
288,0,0.6666666666666666,512.0,439.6094320411628,1.3674320412813143,-86.69934266666667,-526.3087747078295,-393.82042788901856,-0.46002898200976006,0.5625,288.0,393.82042788901856,-2.701559076388889,-1.8274610232910744
289,0,0.6666666666666666,512.0,438.0036395231725,1.3756699996159794,-88.75882266666667,-526.7624621898392,-397.56862988901804,-0.4470374820097618,0.564453125,289.0,397.56862988901804,-2.7106859307958477,-1.8227074816257411
290,0,0.6666666666666666,512.0,436.38002700518234,1.3846573789274839,-90.82282266666664,-527.202849671849,-401.5506398889703,-0.4332834820099265,0.56640625,290.0,401.5506398889703,-2.7197732206896554,-1.8179408609374104
291,0,0.6666666666666666,512.0,434.7194864871924,1.3948526937765726,-92.90954266666665,-527.629029153859,-405.90213388898263,-0.4183054820098846,0.568359375,291.0,405.90213388898263,-2.72891516838488,-1.8131581757864572
292,0,0.6666666666666666,512.0,433.0255779692021,1.4043033352363476,-95.01388266666663,-528.0394606358687,-410.0565738890135,-0.4040509820097782,0.5703125,292.0,410.0565738890135,-2.73808501369863,-1.8083543172461258
293,0,0.6666666666666666,512.0,431.3172217845454,1.4133502146382335,-97.11990933333323,-528.4371311178786,-414.1116128890024,-0.3901894820098164,0.572265625,293.0,414.1116128890024,-2.7472009010238905,-1.80353969664805
294,0,0.6666666666666666,512.0,429.59085693322174,1.4234429554047738,-99.22898266666664,-528.8198395998884,-418.4922288890035,-0.3752639820098125,0.57421875,294.0,418.4922288890035,-2.756270319727891,-1.7987069374145863
295,0,0.6666666666666666,512.0,427.82850308189825,1.4328609894542068,-101.35915599999998,-529.1876590818982,-422.693991888991,-0.3609954820098551,0.576171875,295.0,422.693991888991,-2.765385538983051,-1.793856471464062
296,0,0.6666666666666666,512.0,426.0373078972415,1.4422891888141705,-103.50452266666662,-529.5418305639081,-426.91759988899446,-0.34670348200984336,0.578125,296.0,426.91759988899446,-2.774516162162162,-1.7889926708240138
297,0,0.6666666666666666,512.0,424.2263767125846,1.4530453514781778,-105.6546893333333,-529.8810660459179,-431.55446938901883,-0.33106598200976123,0.580078125,297.0,431.55446938901883,-2.783609542087542,-1.784111333487939
298,0,0.6666666666666666,512.0,422.3883198612609,1.4635469459362915,-107.81564266666669,-530.2039625279276,-436.1369898890149,-0.3156609820097742,0.58203125,298.0,436.1369898890149,-2.7926961879194634,-1.7792079279460657
299,0,0.6666666666666666,512.0,420.5134253432709,1.4733054411003326,-109.99896266666656,-530.5123880099375,-440.5183268889994,-0.3009834820098263,0.583984375,299.0,440.5183268889994,-2.801834260869565,-1.7742889231101588
300,0,0.6666666666666666,512.0,418.6251334919473,1.4836916162966338,-112.18079599999999,-530.8059294919473,-445.10748488899014,-0.2856614820098571,0.5859375,300.0,445.10748488899014,-2.81090398,-1.769353098306491
301,0,0.6666666666666666,512.0,416.71428830729053,1.4953512288670787,-114.36942266666665,-531.0837109739572,-450.1007198889907,-0.2690464820098555,0.587890625,301.0,450.1007198889907,-2.819947289036545,-1.7643977108769342
302,0,0.6666666666666666,512.0,414.7599997893003,1.506236810890771,-116.58402266666667,-531.344022455967,-454.88351688901287,-0.2531804820097818,0.58984375,302.0,454.88351688901287,-2.829059715231788,-1.759417292900553
303,0,0.6666666666666666,512.0,412.8076226046435,1.5166981976534797,-118.78244933333326,-531.5900719379767,-459.55955388900435,-0.2377244820098099,0.591796875,303.0,459.55955388900435,-2.8380319273927395,-1.7544226796632896
304,0,0.6666666666666666,512.0,410.80430875332,1.5274596739769428,-121.01516266666658,-531.8194714199866,-464.34774088899064,-0.22194648200985512,0.59375,304.0,464.34774088899064,-2.847114289473684,-1.749406155986798
305,0,0.6666666666666666,512.0,408.78525556866316,1.5384851734066272,-123.2487093333333,-532.0339649019965,-469.2379778890213,-0.20588848200975463,0.595703125,305.0,469.2379778890213,-2.856141193442623,-1.7443736554163818
306,0,0.6666666666666666,512.0,406.72675905067274,1.550632823166616,-125.50448933333337,-532.2312483840061,-474.4936438889845,-0.1886849820098746,0.59765625,306.0,474.4936438889845,-2.8652180849673203,-1.7393178051764906
307,0,0.6666666666666666,512.0,404.6568255326829,1.5617782267751628,-127.75450933333332,-532.4113348660162,-479.46591561997496,-0.17246064900990632,0.599609375,307.0,479.46591561997496,-2.8742077003257327,-1.734238875785069
308,0,0.6666666666666666,512.0,402.55089368202596,1.5724963925487212,-130.02527599999996,-532.5761696820259,-484.3288889050061,-0.15664701550980453,0.6015625,308.0,484.3288889050061,-2.8832399805194804,-1.7291434080585257
309,0,0.6666666666666666,512.0,400.4129795637025,1.5846398017232937,-132.31164933333332,-532.7246288970358,-489.65369873249773,-0.13938812350983198,0.603515625,309.0,489.65369873249773,-2.8922895598705503,-1.7240279252331256
310,0,0.6666666666666666,512.0,398.26187659571235,1.596596115341913,-134.59306933333323,-532.8549459290456,-494.944795755993,-0.12229080700984696,0.60546875,310.0,494.944795755993,-2.901256787096774,-1.71888692235176
311,0,0.6666666666666666,512.0,396.07180517772224,1.6078573139774721,-136.89740533333327,-532.9692105110555,-500.0436246469938,-0.1058700510098447,0.607421875,311.0,500.0436246469938,-2.9102768745980705,-1.7137273649873168
312,0,0.6666666666666666,512.0,393.8629100310653,1.619478569602626,-139.20377599999995,-533.0666860310653,-505.2773137160193,-0.08906850100976271,0.609375,312.0,505.2773137160193,-2.919248923076923,-1.7085470706123886
313,0,0.6666666666666666,512.0,391.64851151307505,1.6320226761789927,-141.49883599999998,-533.147347513075,-510.8230976440247,-0.07132348200974548,0.611328125,313.0,510.8230976440247,-2.9281094376996806,-1.7033461581887381
314,0,0.6666666666666666,512.0,389.3865169950848,1.6446654128789622,-143.822816,-533.2093329950848,-516.4249396439941,-0.0534534820098429,0.61328125,314.0,516.4249396439941,-2.937051668789809,-1.698118894888805
315,0,0.6666666666666666,512.0,387.0901784770947,1.6563021671237934,-146.16407600000002,-533.2542544770947,-521.7351826439949,-0.036568482009840864,0.615234375,315.0,521.7351826439949,-2.9460194095238097,-1.692870649133634
316,0,0.6666666666666666,512.0,384.7594206257711,1.669030271025396,-148.52304933333335,-533.2824699591044,-527.4135656440251,-0.018572482009744817,0.6171875,316.0,527.4135656440251,-2.9550144746835443,-1.6876027530351407
317,0,0.6666666666666666,512.0,382.4096767744476,1.682424271747593,-150.88172266666663,-533.2913994411142,-533.328494143987,0.00011701799013508207,0.619140625,317.0,533.328494143987,-2.9639513690851733,-1.6823072537574582
318,0,0.6666666666666666,512.0,380.0620265897909,1.6956646812704375,-153.2202093333333,-533.2822359231242,-539.2213686439991,0.01867651799017267,0.62109375,318.0,539.2213686439991,-2.9727368364779876,-1.6769881632802648
319,0,0.6666666666666666,512.0,377.66406373846723,1.7089582966896595,-155.58998266666663,-533.2540464051339,-545.1576966440014,0.03731551799018007,0.623046875,319.0,545.1576966440014,-2.981614338557994,-1.6716427786994792
320,0,0.6666666666666666,512.0,375.2426088871439,1.7217087832624025,-157.96499599999993,-533.2076048871438,-550.9468106439688,0.055435017990077995,0.625,320.0,550.9468106439688,-2.99046091875,-1.6662737652723245
321,0,0.6666666666666666,512.0,372.7947003691538,1.7344871873644432,-160.3484759999999,-533.1431763691537,-556.7703871439862,0.07360501799013264,0.626953125,321.0,556.7703871439862,-2.9992919439252335,-1.6608821693743105
322,0,0.6666666666666666,512.0,370.28664551783027,1.7479850827454104,-162.77374933333328,-533.0603948511636,-562.8511966440221,0.09251801799024406,0.62890625,322.0,562.8511966440221,-3.008262807453416,-1.6554670647551664
323,0,0.6666666666666666,512.0,367.7670309998399,1.7626232202600238,-165.19110933333332,-532.9581403331732,-569.3273001439877,0.11259801799013758,0.630859375,323.0,569.3273001439877,-3.017141374613003,-1.650025202269886
324,0,0.6666666666666666,512.0,365.2293361485167,1.7779306007530522,-167.60586266666655,-532.8351988151833,-576.0495146439889,0.13337751799014086,0.6328125,324.0,576.0495146439889,-3.0259530679012343,-1.6445530827629113
325,0,0.6666666666666666,512.0,362.64910929719304,1.7922004342892974,-170.0422759999999,-532.6913852971929,-582.4651411440217,0.1531500179902423,0.634765625,325.0,582.4651411440217,-3.0348105046153844,-1.6390504162990551
326,0,0.6666666666666666,512.0,360.07692277920285,1.8046192473741838,-172.45197599999995,-532.5288987792028,-588.3058746439839,0.17109501799012605,0.63671875,326.0,588.3058746439839,-3.0434906871165643,-1.6335242293840577
327,0,0.6666666666666666,512.0,357.43613259454605,1.8174402083915162,-174.91306266666663,-532.3491952612127,-594.3029481440258,0.18946101799025428,0.638671875,327.0,594.3029481440258,-3.052353498470948,-1.627979190401262
328,0,0.6666666666666666,512.0,354.8111807432223,1.831982483670734,-177.338796,-532.1499767432223,-600.8902546440007,0.20957401799017816,0.640625,328.0,600.8902546440007,-3.0610005914634146,-1.6224084656805557
329,0,0.6666666666666666,512.0,352.13398455856577,1.847139172170163,-179.79606266666656,-531.9300472252323,-607.7087876439837,0.23033051799012583,0.642578125,329.0,607.7087876439837,-3.069738887537994,-1.6168086541800375
330,0,0.6666666666666666,512.0,349.4317197072421,1.8634787625575968,-182.25759599999992,-531.689315707242,-614.947991644007,0.2522990179901967,0.64453125,330.0,614.947991644007,-3.078443618181818,-1.6111797445674
331,0,0.6666666666666666,512.0,346.6919198559186,1.8800419702235134,-184.7335293333333,-531.4254491892519,-622.2938921439829,0.274527017990124,0.646484375,331.0,622.2938921439829,-3.087161009063444,-1.6055149522333896
332,0,0.6666666666666666,512.0,343.9360656712619,1.8947075832650468,-187.2041959999999,-531.1402616712618,-629.0429176439956,0.294887517990162,0.6484375,332.0,629.0429176439956,-3.095802090361446,-1.5998200652748849
333,0,0.6666666666666666,512.0,341.16794481993827,1.909934141573599,-189.66772933333334,-530.8356741532716,-636.0080691440085,0.3158330179902009,0.650390625,333.0,636.0080691440085,-3.1043591411411415,-1.5941011235833982
334,0,0.6666666666666666,512.0,338.31553296861466,1.9253576067186717,-192.19306266666672,-530.5085956352814,-643.0694406440364,0.3370085179902844,0.65234375,334.0,643.0694406440364,-3.113142497005988,-1.5883490887283873
335,0,0.6666666666666666,512.0,335.475261117291,1.9411941287880552,-194.68639600000006,-530.161657117291,-650.3000331439985,0.35862201799017157,0.654296875,335.0,650.3000331439985,-3.1217301313432837,-1.5825721107978836
336,0,0.6666666666666666,512.0,332.6050222659677,1.957597992988049,-197.18632933333333,-529.791351599301,-657.7529256439844,0.3808380179901292,0.65625,336.0,657.7529256439844,-3.1302961130952385,-1.5767599749979198
337,0,0.6666666666666666,512.0,329.6952517479775,1.972679843207287,-199.70472933333326,-529.3999810813108,-664.7931071608557,0.4017600180401928,0.658203125,337.0,664.7931071608557,-3.1388934540059346,-1.5709198251670944
338,0,0.6666666666666666,512.0,326.76290222988746,1.987840774144397,-202.2249293333332,-528.9878315632207,-671.8901816608062,0.42278801804019395,0.66015625,338.0,671.8901816608062,-3.1474479112426033,-1.5650527561042031
339,0,0.6666666666666666,512.0,323.7908090452305,2.0037817633467605,-204.7635959999999,-528.5544050452304,-679.2820177745518,0.4446242263401814,0.662109375,339.0,679.2820177745518,-3.1560336106194686,-1.5591575370065793
340,0,0.6666666666666666,512.0,320.78398711054035,2.0205655864359056,-207.31459599999994,-528.0985831105403,-686.9922993882079,0.46733445964019893,0.6640625,340.0,686.9922993882079,-3.164623217647059,-1.5532311267957066
341,0,0.6666666666666666,512.0,317.76900679261666,2.0378499797386995,-209.85072933333333,-527.61973612595,-694.9068430908965,0.4905780262901658,0.666015625,341.0,694.9068430908965,-3.173097049853373,-1.5472719534485337
342,0,0.6666666666666666,512.0,314.69476439129335,2.054690869475401,-212.4226626666666,-527.11742705796,-702.7042773605871,0.5134118429901378,0.66796875,342.0,702.7042773605871,-3.18167834502924,-1.541279026485263
343,0,0.6666666666666666,512.0,311.6122631066364,2.0712937558298856,-214.9806493333333,-526.5929124399697,-710.4537582496507,0.536037451340178,0.669921875,343.0,710.4537582496507,-3.190148612244898,-1.5352563044897076
344,0,0.6666666666666666,512.0,308.49895615527964,2.089043506442678,-217.54639599999996,-526.0453521552796,-718.6309662162813,0.5598419013401212,0.671875,344.0,718.6309662162813,-3.198603470930233,-1.529201605102557
345,0,0.6666666666666666,512.0,305.3837659706229,2.1063608256344843,-220.08946266666658,-525.4732286372895,-726.6944848438972,0.5832500179901672,0.673828125,345.0,726.6944848438972,-3.2069107072463767,-1.5231108076443174
346,0,0.6666666666666666,512.0,302.2074561192993,2.1233159200690723,-222.67139599999996,-524.8788521192993,-734.6673083438991,0.6063250179901729,0.67578125,346.0,734.6673083438991,-3.2153384219653183,-1.5169909020788996
347,0,0.6666666666666666,512.0,299.00451593464254,2.1423109202994217,-225.2560626666666,-524.2605786013091,-743.3818893438993,0.6314735179901731,0.677734375,347.0,743.3818893438993,-3.223729377521614,-1.5108374023092481
348,0,0.6666666666666666,512.0,295.78797574998566,2.1608249234020414,-227.82792933333326,-523.6159050833189,-751.9670733439104,0.6561815179902055,0.6796875,348.0,751.9670733439104,-3.2320169367816094,-1.504643405411836
349,0,0.6666666666666666,512.0,292.546752898662,2.178102473764794,-230.4014626666667,-522.9482155653287,-760.1577633439131,0.6796835179902132,0.681640625,349.0,760.1577633439131,-3.240264166189112,-1.4984189557745808
350,0,0.6666666666666666,512.0,289.2455420473385,2.196359055268277,-233.01099599999998,-522.2565380473385,-768.7256693438969,0.7041975179901669,0.68359375,350.0,768.7256693438969,-3.248618554285714,-1.49216153727811
351,0,0.6666666666666666,512.0,285.9302245293485,2.214668952546672,-235.6095959999999,-521.5398205293484,-777.3488023438817,0.7288005179901234,0.685546875,351.0,777.3488023438817,-3.256878615384615,-1.485868434556548
352,0,0.6666666666666666,512.0,282.5872076780249,2.233657452681518,-238.21172933333332,-520.7989370113582,-786.2474233438943,0.7541150179901592,0.6875,352.0,786.2474233438943,-3.2651068011363638,-1.4795424346913586
353,0,0.6666666666666666,512.0,279.2179944933681,2.2528878281696807,-240.81359599999996,-520.0315904933681,-795.2694033438972,0.7797105179901678,0.689453125,353.0,795.2694033438972,-3.2732872351274787,-1.473177310179513
354,0,0.6666666666666666,512.0,275.8086533087113,2.2721208117059546,-243.4308626666666,-519.2395159753779,-804.330767343908,0.8053425179901978,0.69140625,354.0,804.330767343908,-3.281486706214689,-1.4667782937157567
355,0,0.6666666666666666,512.0,272.3680427907211,2.2919255967434258,-246.05286266666656,-518.4209054573877,-813.6335868439162,0.8315850179902213,0.693359375,355.0,813.6335868439162,-3.2896599830985913,-1.4603405787532047
356,0,0.6666666666666666,512.0,268.9038166060641,2.3121001582694483,-248.6725293333334,-517.5763459393975,-823.1076563439235,0.8582340179902417,0.6953125,356.0,823.1076563439235,-3.2977775112359553,-1.4538661402792064
357,0,0.6666666666666666,512.0,265.4021747547406,2.332360383316242,-251.3022626666666,-516.7044374214072,-832.6526568438983,0.8850090179901713,0.697265625,357.0,832.6526568438983,-3.3058918599439773,-1.4473513653260706
358,0,0.6666666666666666,512.0,261.86879857008387,2.3500003166029835,-253.93752933333326,-515.8063279034171,-841.3001133438681,0.9092005179900866,0.69921875,358.0,841.3001133438681,-3.313984061452514,-1.440799798612897
359,0,0.6666666666666666,512.0,258.30630705209376,2.3691989605678865,-256.57972933333326,-514.886036385427,-850.5424268438712,0.9349760179900954,0.701171875,359.0,850.5424268438712,-3.322060150417827,-1.434222942577791
360,0,0.6666666666666666,512.0,254.7391798674371,2.3910935620664464,-259.19719599999985,-513.9363758674369,-860.7936823439206,0.9634925179902325,0.703125,360.0,860.7936823439206,-3.3299883166666664,-1.4276010440762137
361,0,0.6666666666666666,512.0,251.12385534944656,2.412838218404172,-261.835196,-512.9590513494466,-871.034596843906,0.9918990179901925,0.705078125,361.0,871.034596843906,-3.3379578781163435,-1.4209392004139794
362,0,0.6666666666666666,512.0,247.47898183145662,2.435870658408533,-264.47359599999993,-511.95257783145655,-881.7851783438889,1.0216370179901446,0.70703125,362.0,881.7851783438889,-3.3458850662983424,-1.4142336404183882
363,0,0.6666666666666666,512.0,243.80858131346633,2.455674348192553,-267.10719599999993,-510.91577731346626,-891.4097883938969,1.048192867990167,0.708984375,363.0,891.4097883938969,-3.3537487438016527,-1.4074814802023865
364,0,0.6666666666666666,512.0,240.12452942880952,2.4760795424283195,-269.7316626666667,-509.8561920954762,-901.2929534439083,1.0753757179901982,0.7109375,364.0,901.2929534439083,-3.361531576923077,-1.4007038244381216
365,0,0.6666666666666666,512.0,236.3664965441526,2.4980096512162904,-272.3985293333333,-508.76502587748587,-911.773522693946,1.1041328679903017,0.712890625,365.0,911.773522693946,-3.369446010958904,-1.3938767832259886
366,0,0.6666666666666666,512.0,232.59986369282888,2.51966247692917,-275.04806266666674,-507.6479263594956,-922.1964665560762,1.1326462846901109,0.71484375,366.0,922.1964665560762,-3.3772461584699456,-1.3870161922390591
367,0,0.6666666666666666,512.0,228.78365730810572,2.5425303998347775,-277.71607599999993,-506.49973330810565,-933.1086567393634,1.1624221346900754,0.716796875,367.0,933.1086567393634,-3.3850793297002726,-1.380108265144702
368,0,0.6666666666666666,512.0,224.94299275678213,2.5651351004980607,-280.38008933333333,-505.32308209011546,-943.9697169832863,1.191974551340138,0.71875,368.0,943.9697169832863,-3.3928536250000003,-1.3731605491579224
369,0,0.6666666666666666,512.0,221.09432153875878,2.586977041561331,-283.0214626666666,-504.11578420542537,-954.5945283361311,1.2208096046902597,0.720703125,369.0,954.5945283361311,-3.4004937506775064,-1.3661674368710714
370,0,0.6666666666666666,512.0,217.22489354740162,2.6074915102071654,-285.6565693333333,-502.88146288073494,-964.7718587766512,1.2483524213403143,0.72265625,370.0,964.7718587766512,-3.4080671729729732,-1.3591390888668513
371,0,0.6666666666666666,512.0,213.3019766960781,2.6310915081861164,-288.31710266666664,-501.61907936274474,-976.1349495370492,1.279018517990039,0.724609375,371.0,976.1349495370492,-3.4157025714285716,-1.3520729901960775
372,0,0.6666666666666666,512.0,209.30518984475486,2.6549189638093607,-291.018236,-500.32342584475487,-987.6298545370821,1.309963517990127,0.7265625,372.0,987.6298545370821,-3.4234606290322582,-1.3449554458192334
373,0,0.6666666666666666,512.0,205.29691632676463,2.676269353986977,-293.70223599999986,-498.9991523267645,-998.2484690371424,1.3384700179902893,0.728515625,373.0,998.2484690371424,-3.43110818766756,-1.3377993359966875
374,0,0.6666666666666666,512.0,201.28344980877432,2.7002755950189963,-296.36303599999997,-497.6464858087743,-1009.9030725371047,1.3696700179901882,0.73046875,374.0,1009.9030725371047,-3.438621802139038,-1.3306055770288083
375,0,0.6666666666666666,512.0,197.26024295745083,2.7249100174323355,-298.9995693333333,-496.2598122907841,-1021.8412565371259,1.4015505179902448,0.732421875,375.0,1021.8412565371259,-3.4459982773333335,-1.323359499442091
376,0,0.6666666666666666,512.0,193.1944154394605,2.74857184983269,-301.6489693333333,-494.8433847727938,-1033.4630155370915,1.4324990179901533,0.734375,376.0,1033.4630155370915,-3.4533868457446806,-1.3160728318425368
377,0,0.6666666666666666,512.0,189.07724492147054,2.77328407834759,-304.31756933333327,-493.3948142548038,-1045.5280975370415,1.4645445179900207,0.736328125,377.0,1045.5280975370415,-3.4608126100795755,-1.3087395603575698
378,0,0.6666666666666666,512.0,184.9191264034804,2.7991585887224466,-306.99516933333337,-491.91429573681376,-1058.0819465370848,1.4977980179901351,0.73828125,378.0,1058.0819465370848,-3.468234798941799,-1.3013605707323115
379,0,0.6666666666666666,512.0,180.77184888549027,2.8256458536599944,-309.62736933333326,-490.39921821882353,-1070.919778537138,1.5317165179902759,0.740234375,379.0,1070.919778537138,-3.4754381372031657,-1.293929335669719
380,0,0.6666666666666666,512.0,176.55342670083326,2.8499481566765863,-312.29743599999995,-488.8508627008332,-1082.9802995371028,1.5634985179901832,0.7421875,380.0,1082.9802995371028,-3.482753036842105,-1.2864496386864033
381,0,0.6666666666666666,512.0,172.27945184950977,2.873518732380739,-314.9927693333334,-487.27222118284317,-1094.8106370370615,1.5945890179900744,0.744140625,381.0,1094.8106370370615,-3.4901290131233598,-1.2789297143906644
382,0,0.6666666666666666,512.0,168.0307153315198,2.898238184652169,-317.63096933333327,-485.66168466485306,-1107.1269865371287,1.6268725179902503,0.74609375,382.0,1107.1269865371287,-3.4972420261780104,-1.271365666661919
383,0,0.6666666666666666,512.0,163.72824014686273,2.923173930384196,-320.29023599999994,-484.01847614686267,-1119.5756153371472,1.659418117990299,0.748046875,383.0,1119.5756153371472,-3.504400402088773,-1.2637558123938972
384,0,0.6666666666666666,512.0,159.3892124288725,2.949370285773734,-322.95363599999996,-482.34284842887246,-1132.558189737114,1.6932691179902122,0.75,384.0,1132.558189737114,-3.5115376406250003,-1.256101167783522
385,0,0.6666666666666666,512.0,155.04090191088233,2.9746996619144266,-325.5910359999999,-480.63193791088224,-1145.2593698370542,1.7263050179900574,0.751953125,385.0,1145.2593698370542,-3.5185365038961036,-1.2483946439243694
386,0,0.6666666666666666,512.0,150.64026905955916,3.0002471039820304,-328.2499693333332,-478.89023839289234,-1158.0953821370638,1.7595988179900814,0.75390625,386.0,1158.0953821370638,-3.5255827823834194,-1.240648285991949
387,0,0.6666666666666666,512.0,146.22297094156875,3.0283183760648886,-330.88976933333333,-477.1127402749021,-1171.959211537112,1.7954689179902061,0.755859375,387.0,1171.959211537112,-3.532518485788114,-1.2328494580746823
388,0,0.6666666666666666,512.0,141.74719789024527,3.057153415301877,-333.55210266666666,-475.29930055691193,-1186.1755251371283,1.8321552179902483,0.7578125,388.0,1186.1755251371283,-3.539505551546392,-1.2249981973116286
389,0,0.6666666666666666,512.0,137.24106050558828,3.083187613917612,-336.2073693333333,-473.4484298389216,-1199.359981813951,1.866096534640178,0.759765625,389.0,1199.359981813951,-3.546429444730077,-1.2170910792774334
390,0,0.6666666666666666,512.0,132.69140482096486,3.1102396973955067,-338.8757026666667,-471.5671074876316,-1212.9934819842476,1.9010932679400412,0.76171875,390.0,1212.9934819842476,-3.5533680871794875,-1.2091464294554655
391,0,0.6666666666666666,512.0,128.13204730304165,3.140566388510281,-341.51419599999986,-469.6462433030415,-1227.9614579075198,1.939425101290226,0.763671875,391.0,1227.9614579075198,-3.5601567621483374,-1.201141287220055
392,0,0.6666666666666666,512.0,123.5395279517179,3.167969190332733,-344.1487293333332,-467.6882572850511,-1241.8439226104313,1.9748869013402555,0.765625,392.0,1241.8439226104313,-3.5668956479591833,-1.1930822889924773
393,0,0.6666666666666666,512.0,118.92907350036103,3.195913555149261,-346.76739599999996,-465.696469500361,-1255.9940271736596,2.010935261255213,0.767578125,393.0,1255.9940271736596,-3.573539679389313,-1.1849782938940483
394,0,0.6666666666666666,512.0,114.26291076254074,3.2262968184191827,-349.40347599999996,-463.6663867625407,-1271.160946457158,2.04947857790512,0.76953125,394.0,1271.160946457158,-3.580216279187817,-1.1768182405140626
395,0,0.6666666666666666,512.0,109.56863634455078,3.256206665064948,-352.02887599999997,-461.59751234455075,-1286.2016327006545,2.087605367990136,0.771484375,395.0,1286.2016327006545,-3.586818516455696,-1.168601297074812
396,0,0.6666666666666666,512.0,104.83630002656037,3.2819126205825127,-354.65487600000006,-459.4911760265604,-1299.637397750675,2.1215813679901885,0.7734375,396.0,1299.637397750675,-3.593389681818182,-1.1603312525923244
397,0,0.6666666666666666,512.0,100.11287360857045,3.3104462375331285,-357.2414759999999,-457.3543496085704,-1314.247156300652,2.15842016799013,0.775390625,397.0,1314.247156300652,-3.5997788765743075,-1.1520260695429985
398,0,0.6666666666666666,512.0,95.29725969058018,3.342489427765515,-359.877076,-455.17433569058016,-1330.310792250675,2.198835317990188,0.77734375,398.0,1330.310792250675,-3.606320638190955,-1.143654109775327
399,0,0.6666666666666666,512.0,90.50393630592339,3.371448689851314,-362.4527426666666,-452.95667897259,-1345.2080272506741,2.236218917990186,0.779296875,399.0,1345.2080272506741,-3.6126042957393483,-1.1352297718611277
400,0,0.6666666666666666,512.0,85.6048885212665,3.4037885126267464,-365.0970093333333,-450.7018978545998,-1361.5154050506985,2.277033767990247,0.78125,400.0,1361.5154050506985,-3.619113785,-1.1267547446364994
401,0,0.6666666666666666,512.0,80.72486876994299,3.4335574690790542,-367.6777426666665,-448.4026114366095,-1376.8565451007007,2.3153464679902527,0.783203125,401.0,1376.8565451007007,-3.6253531521197004,-1.1182110010888018
402,0,0.6666666666666666,512.0,75.7915289186194,3.462227630971645,-370.2796759999999,-446.0712049186193,-1391.8155076506014,2.352597767990005,0.78515625,402.0,1391.8155076506014,-3.631640582089552,-1.1096298629816401
403,0,0.6666666666666666,512.0,70.81040656729624,3.493168011664094,-372.88700933333325,-443.6974159006295,-1407.7467087006298,2.3921818679900753,0.787109375,403.0,1407.7467087006298,-3.6379169081885854,-1.1009861436740187
404,0,0.6666666666666666,512.0,65.81436518263911,3.523245079333397,-375.47247600000003,-441.28684118263914,-1423.3910120506923,2.4309509179902307,0.7890625,404.0,1423.3910120506923,-3.644080975247525,-1.0922941613431663
405,0,0.6666666666666666,512.0,60.8214380646491,3.554393047162147,-378.01407599999993,-438.83551406464903,-1439.5291841006697,2.470848567990174,0.791015625,405.0,1439.5291841006697,-3.650052133333333,-1.0835444791719728
406,0,0.6666666666666666,512.0,55.742468046658814,3.5894347520952965,-380.602676,-436.3451440466588,-1457.3105093506904,2.5146930179902256,0.79296875,406.0,1457.3105093506904,-3.6561675221674874,-1.074741734105071
407,0,0.6666666666666666,512.0,50.672918695335284,3.622755390419316,-383.1332093333333,-433.8061280286686,-1474.4614439006616,2.556892667990155,0.794921875,407.0,1474.4614439006616,-3.662038855036855,-1.065862722429161
408,0,0.6666666666666666,512.0,45.537482710678546,3.6511563726731686,-385.69387599999993,-431.2313587106785,-1489.6718000506528,2.594216767990133,0.796875,408.0,1489.6718000506528,-3.6679921911764706,-1.0569396046830355
409,0,0.6666666666666666,512.0,40.39855182602173,3.6859886411997635,-388.2191426666666,-428.6176944926883,-1507.5693542507033,2.6380236179902568,0.798828125,409.0,1507.5693542507033,-3.673786586797066,-1.0479650232095068
410,0,0.6666666666666666,512.0,35.196168808031416,3.7190457118309603,-390.75914266666655,-425.95531147469796,-1524.8087418506937,2.6801303179902334,0.80078125,410.0,1524.8087418506937,-3.679606619512195,-1.0389153938407267
411,0,0.6666666666666666,512.0,29.9918911900412,3.7496602413857336,-393.26554266666665,-423.25743385670785,-1541.1103592095365,2.7198368013450818,0.802734375,411.0,1541.1103592095365,-3.685275703163017,-1.0298234400406516
412,0,0.6666666666666666,512.0,24.792828538674485,3.784457541956365,-395.7228093333333,-420.5156378720078,-1559.1965072860223,2.763788517995181,0.8046875,412.0,1559.1965072860223,-3.6907383834951455,-1.020669023961184
413,0,0.6666666666666666,512.0,19.48831415405084,3.818745297462817,-398.24154266666665,-417.7298568207175,-1577.1418078521433,2.807292859640256,0.806640625,413.0,1577.1418078521433,-3.6963978547215497,-1.0114524378225604
414,0,0.6666666666666666,512.0,14.18449615272732,3.8514600474654053,-400.71655599999997,-414.9010521527273,-1594.5044596506777,2.8492835929902185,0.80859375,414.0,1594.5044596506777,-3.701871579710145,-1.0021764544751868
415,0,0.6666666666666666,512.0,8.866280301403776,3.881602915727763,-403.1650093333333,-412.03128963473705,-1610.8652100270217,2.8887564346802037,0.810546875,415.0,1610.8652100270217,-3.707222925301205,-0.9928464810475591
416,0,0.6666666666666666,512.0,3.4632366167002147,3.9175125810343356,-405.66030266666667,-409.1235392833669,-1629.6852337102837,2.9340425346800885,0.8125,416.0,1629.6852337102837,-3.7127174375,-0.9834700463542473
417,0,0.6666666666666666,512.0,-2.0100981012897137,3.957099748962199,-408.1733026666666,-406.1632045653769,-1650.1105953172369,2.983087267990072,0.814453125,417.0,1650.1105953172369,-3.718249290167866,-0.9740124809721268
418,0,0.6666666666666666,512.0,-7.470271252613202,3.993015271213581,-410.62763599999994,-403.15736474738674,-1669.080383367277,3.028523967990168,0.81640625,418.0,1669.080383367277,-3.723544148325359,-0.9644913032234133
419,0,0.6666666666666666,512.0,-12.970746037270146,4.028261763048497,-413.0769026666667,-400.10615662939654,-1687.84167871732,3.0733544679902707,0.818359375,419.0,1687.84167871732,-3.7287955942720763,-0.9549072950582256
420,0,0.6666666666666666,512.0,-18.508646855260395,4.062080234207778,-415.5193026666666,-397.0106558114062,-1706.0736983672668,3.1168167679901444,0.8203125,420.0,1706.0736983672668,-3.73399750952381,-0.9452634662176338
421,0,0.6666666666666666,512.0,-24.019512906583714,4.099052005860479,-417.89203599999996,-393.87252309341625,-1725.7008944672614,3.1634878179901307,0.822265625,421.0,1725.7008944672614,-3.738926494061758,-0.9355641878703473
422,0,0.6666666666666666,512.0,-29.60188915790718,4.138008329306466,-420.2855693333331,-390.68368017542593,-1746.2395149673287,3.212217617990291,0.82421875,422.0,1746.2395149673287,-3.7439060521327012,-0.9257907113161752
423,0,0.6666666666666666,512.0,-35.2888814758976,4.175153494367122,-422.73696933333326,-387.44808785743567,-1766.0899281172926,3.259200567990206,0.826171875,423.0,1766.0899281172926,-3.74906726713948,-0.9159529263769165
424,0,0.6666666666666666,512.0,-40.90335696055445,4.21256625440396,-425.06863599999997,-384.1652790394455,-1786.1280918672792,3.3065160679901737,0.828125,424.0,1786.1280918672792,-3.753780551886792,-0.9060501864137867
425,0,0.6666666666666666,512.0,-46.66278027854469,4.251714052040628,-427.497836,-380.8350557214553,-1806.9784721172668,3.3556315679901445,0.830078125,425.0,1806.9784721172668,-3.758815891764706,-0.8960824840504831
426,0,0.6666666666666666,512.0,-52.345220096534604,4.290225158843334,-429.79923599999984,-377.45401590346523,-1827.6359176672606,3.40418286799013,0.83203125,426.0,1827.6359176672606,-3.7633775915492955,-0.8860422908532047
427,0,0.6666666666666666,512.0,-58.08294601452485,4.329936893951526,-432.1096359999999,-374.02668998547506,-1848.8830537173017,3.4539961679902262,0.833984375,427.0,1848.8830537173017,-3.7679495409836066,-0.8759407259612999
428,0,0.6666666666666666,512.0,-63.84641243251508,4.365735755297419,-434.39243599999986,-370.5460235674848,-1868.5349032672955,3.499974017990212,0.8359375,428.0,1868.5349032672955,-3.7724033971962614,-0.8657617373072074
429,0,0.6666666666666666,512.0,-69.63909405050526,4.400460309014508,-436.6658359999999,-367.02674194949464,-1887.797472567224,3.5449201179900456,0.837890625,429.0,1887.797472567224,-3.7768036223776225,-0.855540191024463
430,0,0.6666666666666666,512.0,-75.69751933516181,4.443133755960354,-439.1537026666665,-363.4561833315047,-1910.5475150629525,3.597886817980111,0.83984375,430.0,1910.5475150629525,-3.7819315209302324,-0.8452469379802434
431,0,0.6666666666666666,512.0,-81.66306768646564,4.482205904438551,-441.49403600000005,-359.8309683135344,-1931.8307448130156,3.6473312679802348,0.841796875,431.0,1931.8307448130156,-3.7865221670533646,-0.8348746364583165
432,0,0.6666666666666666,512.0,-87.54578187112247,4.520878982794722,-443.7073026666667,-356.1615207955442,-1953.0197205673198,3.6964310179902213,0.84375,432.0,1953.0197205673198,-3.7906503564814815,-0.8244479648045006
433,0,0.6666666666666666,512.0,-93.51779638911262,4.56091933618319,-445.9559026666666,-352.43810627755397,-1974.8780725673212,3.7469745179902247,0.845703125,433.0,1974.8780725673212,-3.7948818799076216,-0.8139448181929653
434,0,0.6666666666666666,512.0,-99.46993090710271,4.604243519740232,-448.1375026666665,-348.66757175956377,-1998.2416875672604,3.8008620179900845,0.84765625,434.0,1998.2416875672604,-3.79886233640553,-0.8033815017501469
435,0,0.6666666666666666,512.0,-105.57012042509291,4.62391683348784,-450.4065026666667,-344.8363822415738,-2011.4038225672105,3.8311895179899693,0.849609375,435.0,2011.4038225672105,-3.803125871264368,-0.7927273154978708
